--
-- PostgreSQL database dump
--

-- Dumped from database version 14.11 (Homebrew)
-- Dumped by pg_dump version 14.11 (Homebrew)

SET statement_timeout = 0;
SET lock_timeout = 0;
SET idle_in_transaction_session_timeout = 0;
SET client_encoding = 'UTF8';
SET standard_conforming_strings = on;
SELECT pg_catalog.set_config('search_path', '', false);
SET check_function_bodies = false;
SET xmloption = content;
SET client_min_messages = warning;
SET row_security = off;

SET default_tablespace = '';

SET default_table_access_method = heap;

--
-- Name: auth_group; Type: TABLE; Schema: public; Owner: aroba
--

CREATE TABLE public.auth_group (
    id integer NOT NULL,
    name character varying(150) NOT NULL
);


ALTER TABLE public.auth_group OWNER TO aroba;

--
-- Name: auth_group_id_seq; Type: SEQUENCE; Schema: public; Owner: aroba
--

ALTER TABLE public.auth_group ALTER COLUMN id ADD GENERATED BY DEFAULT AS IDENTITY (
    SEQUENCE NAME public.auth_group_id_seq
    START WITH 1
    INCREMENT BY 1
    NO MINVALUE
    NO MAXVALUE
    CACHE 1
);


--
-- Name: auth_group_permissions; Type: TABLE; Schema: public; Owner: aroba
--

CREATE TABLE public.auth_group_permissions (
    id bigint NOT NULL,
    group_id integer NOT NULL,
    permission_id integer NOT NULL
);


ALTER TABLE public.auth_group_permissions OWNER TO aroba;

--
-- Name: auth_group_permissions_id_seq; Type: SEQUENCE; Schema: public; Owner: aroba
--

ALTER TABLE public.auth_group_permissions ALTER COLUMN id ADD GENERATED BY DEFAULT AS IDENTITY (
    SEQUENCE NAME public.auth_group_permissions_id_seq
    START WITH 1
    INCREMENT BY 1
    NO MINVALUE
    NO MAXVALUE
    CACHE 1
);


--
-- Name: auth_permission; Type: TABLE; Schema: public; Owner: aroba
--

CREATE TABLE public.auth_permission (
    id integer NOT NULL,
    name character varying(255) NOT NULL,
    content_type_id integer NOT NULL,
    codename character varying(100) NOT NULL
);


ALTER TABLE public.auth_permission OWNER TO aroba;

--
-- Name: auth_permission_id_seq; Type: SEQUENCE; Schema: public; Owner: aroba
--

ALTER TABLE public.auth_permission ALTER COLUMN id ADD GENERATED BY DEFAULT AS IDENTITY (
    SEQUENCE NAME public.auth_permission_id_seq
    START WITH 1
    INCREMENT BY 1
    NO MINVALUE
    NO MAXVALUE
    CACHE 1
);


--
-- Name: clients; Type: TABLE; Schema: public; Owner: aroba
--

CREATE TABLE public.clients (
    id bigint NOT NULL,
    created_at timestamp with time zone NOT NULL,
    updated_at timestamp with time zone NOT NULL,
    name character varying(255) NOT NULL,
    phone character varying(20) NOT NULL,
    requisite character varying(255) NOT NULL,
    requisite_file character varying(100) NOT NULL,
    deleted boolean NOT NULL,
    accounting_phone character varying(20) NOT NULL
);


ALTER TABLE public.clients OWNER TO aroba;

--
-- Name: clients_id_seq; Type: SEQUENCE; Schema: public; Owner: aroba
--

ALTER TABLE public.clients ALTER COLUMN id ADD GENERATED BY DEFAULT AS IDENTITY (
    SEQUENCE NAME public.clients_id_seq
    START WITH 1
    INCREMENT BY 1
    NO MINVALUE
    NO MAXVALUE
    CACHE 1
);


--
-- Name: clients_route; Type: TABLE; Schema: public; Owner: aroba
--

CREATE TABLE public.clients_route (
    id bigint NOT NULL,
    created_at timestamp with time zone NOT NULL,
    updated_at timestamp with time zone NOT NULL,
    amount numeric(10,2) NOT NULL,
    type character varying(15) NOT NULL,
    client_id bigint NOT NULL,
    loading_id bigint NOT NULL,
    unloading_id bigint NOT NULL
);


ALTER TABLE public.clients_route OWNER TO aroba;

--
-- Name: clients_route_id_seq; Type: SEQUENCE; Schema: public; Owner: aroba
--

ALTER TABLE public.clients_route ALTER COLUMN id ADD GENERATED BY DEFAULT AS IDENTITY (
    SEQUENCE NAME public.clients_route_id_seq
    START WITH 1
    INCREMENT BY 1
    NO MINVALUE
    NO MAXVALUE
    CACHE 1
);


--
-- Name: django_admin_log; Type: TABLE; Schema: public; Owner: aroba
--

CREATE TABLE public.django_admin_log (
    id integer NOT NULL,
    action_time timestamp with time zone NOT NULL,
    object_id text,
    object_repr character varying(200) NOT NULL,
    action_flag smallint NOT NULL,
    change_message text NOT NULL,
    content_type_id integer,
    user_id bigint NOT NULL,
    CONSTRAINT django_admin_log_action_flag_check CHECK ((action_flag >= 0))
);


ALTER TABLE public.django_admin_log OWNER TO aroba;

--
-- Name: django_admin_log_id_seq; Type: SEQUENCE; Schema: public; Owner: aroba
--

ALTER TABLE public.django_admin_log ALTER COLUMN id ADD GENERATED BY DEFAULT AS IDENTITY (
    SEQUENCE NAME public.django_admin_log_id_seq
    START WITH 1
    INCREMENT BY 1
    NO MINVALUE
    NO MAXVALUE
    CACHE 1
);


--
-- Name: django_content_type; Type: TABLE; Schema: public; Owner: aroba
--

CREATE TABLE public.django_content_type (
    id integer NOT NULL,
    app_label character varying(100) NOT NULL,
    model character varying(100) NOT NULL
);


ALTER TABLE public.django_content_type OWNER TO aroba;

--
-- Name: django_content_type_id_seq; Type: SEQUENCE; Schema: public; Owner: aroba
--

ALTER TABLE public.django_content_type ALTER COLUMN id ADD GENERATED BY DEFAULT AS IDENTITY (
    SEQUENCE NAME public.django_content_type_id_seq
    START WITH 1
    INCREMENT BY 1
    NO MINVALUE
    NO MAXVALUE
    CACHE 1
);


--
-- Name: django_migrations; Type: TABLE; Schema: public; Owner: aroba
--

CREATE TABLE public.django_migrations (
    id bigint NOT NULL,
    app character varying(255) NOT NULL,
    name character varying(255) NOT NULL,
    applied timestamp with time zone NOT NULL
);


ALTER TABLE public.django_migrations OWNER TO aroba;

--
-- Name: django_migrations_id_seq; Type: SEQUENCE; Schema: public; Owner: aroba
--

ALTER TABLE public.django_migrations ALTER COLUMN id ADD GENERATED BY DEFAULT AS IDENTITY (
    SEQUENCE NAME public.django_migrations_id_seq
    START WITH 1
    INCREMENT BY 1
    NO MINVALUE
    NO MAXVALUE
    CACHE 1
);


--
-- Name: django_session; Type: TABLE; Schema: public; Owner: aroba
--

CREATE TABLE public.django_session (
    session_key character varying(40) NOT NULL,
    session_data text NOT NULL,
    expire_date timestamp with time zone NOT NULL
);


ALTER TABLE public.django_session OWNER TO aroba;

--
-- Name: extended_content_types; Type: TABLE; Schema: public; Owner: aroba
--

CREATE TABLE public.extended_content_types (
    id bigint NOT NULL,
    custom boolean NOT NULL,
    content_type_id integer NOT NULL
);


ALTER TABLE public.extended_content_types OWNER TO aroba;

--
-- Name: extended_content_types_id_seq; Type: SEQUENCE; Schema: public; Owner: aroba
--

ALTER TABLE public.extended_content_types ALTER COLUMN id ADD GENERATED BY DEFAULT AS IDENTITY (
    SEQUENCE NAME public.extended_content_types_id_seq
    START WITH 1
    INCREMENT BY 1
    NO MINVALUE
    NO MAXVALUE
    CACHE 1
);


--
-- Name: order_payments; Type: TABLE; Schema: public; Owner: aroba
--

CREATE TABLE public.order_payments (
    id bigint NOT NULL,
    created_at timestamp with time zone NOT NULL,
    updated_at timestamp with time zone NOT NULL,
    amount numeric(10,2) NOT NULL,
    type character varying(15) NOT NULL,
    comment text,
    file character varying(100),
    order_id bigint NOT NULL
);


ALTER TABLE public.order_payments OWNER TO aroba;

--
-- Name: order_payments_id_seq; Type: SEQUENCE; Schema: public; Owner: aroba
--

ALTER TABLE public.order_payments ALTER COLUMN id ADD GENERATED BY DEFAULT AS IDENTITY (
    SEQUENCE NAME public.order_payments_id_seq
    START WITH 1
    INCREMENT BY 1
    NO MINVALUE
    NO MAXVALUE
    CACHE 1
);


--
-- Name: orders; Type: TABLE; Schema: public; Owner: aroba
--

CREATE TABLE public.orders (
    id bigint NOT NULL,
    created_at timestamp with time zone NOT NULL,
    updated_at timestamp with time zone NOT NULL,
    code character varying(20) NOT NULL,
    date date NOT NULL,
    paid boolean NOT NULL,
    comment text,
    payment_type character varying(15) NOT NULL,
    income numeric(10,2),
    status integer NOT NULL,
    car_number character varying(20),
    driver_phone character varying(20),
    total_amount numeric(10,2),
    client_id bigint NOT NULL,
    creator_id bigint NOT NULL,
    loading_id bigint NOT NULL,
    unloading_id bigint NOT NULL
);


ALTER TABLE public.orders OWNER TO aroba;

--
-- Name: orders_id_seq; Type: SEQUENCE; Schema: public; Owner: aroba
--

ALTER TABLE public.orders ALTER COLUMN id ADD GENERATED BY DEFAULT AS IDENTITY (
    SEQUENCE NAME public.orders_id_seq
    START WITH 1
    INCREMENT BY 1
    NO MINVALUE
    NO MAXVALUE
    CACHE 1
);


--
-- Name: points; Type: TABLE; Schema: public; Owner: aroba
--

CREATE TABLE public.points (
    id bigint NOT NULL,
    name character varying(255) NOT NULL,
    lon numeric(9,6),
    lat numeric(9,6),
    deleted boolean NOT NULL,
    region_id bigint
);


ALTER TABLE public.points OWNER TO aroba;

--
-- Name: points_id_seq; Type: SEQUENCE; Schema: public; Owner: aroba
--

ALTER TABLE public.points ALTER COLUMN id ADD GENERATED BY DEFAULT AS IDENTITY (
    SEQUENCE NAME public.points_id_seq
    START WITH 1
    INCREMENT BY 1
    NO MINVALUE
    NO MAXVALUE
    CACHE 1
);


--
-- Name: regions; Type: TABLE; Schema: public; Owner: aroba
--

CREATE TABLE public.regions (
    id bigint NOT NULL,
    name character varying(255) NOT NULL
);


ALTER TABLE public.regions OWNER TO aroba;

--
-- Name: regions_id_seq; Type: SEQUENCE; Schema: public; Owner: aroba
--

ALTER TABLE public.regions ALTER COLUMN id ADD GENERATED BY DEFAULT AS IDENTITY (
    SEQUENCE NAME public.regions_id_seq
    START WITH 1
    INCREMENT BY 1
    NO MINVALUE
    NO MAXVALUE
    CACHE 1
);


--
-- Name: roles; Type: TABLE; Schema: public; Owner: aroba
--

CREATE TABLE public.roles (
    id bigint NOT NULL,
    created_at timestamp with time zone NOT NULL,
    updated_at timestamp with time zone NOT NULL,
    name character varying(150) NOT NULL
);


ALTER TABLE public.roles OWNER TO aroba;

--
-- Name: roles_id_seq; Type: SEQUENCE; Schema: public; Owner: aroba
--

ALTER TABLE public.roles ALTER COLUMN id ADD GENERATED BY DEFAULT AS IDENTITY (
    SEQUENCE NAME public.roles_id_seq
    START WITH 1
    INCREMENT BY 1
    NO MINVALUE
    NO MAXVALUE
    CACHE 1
);


--
-- Name: roles_permissions; Type: TABLE; Schema: public; Owner: aroba
--

CREATE TABLE public.roles_permissions (
    id bigint NOT NULL,
    role_id bigint NOT NULL,
    permission_id integer NOT NULL
);


ALTER TABLE public.roles_permissions OWNER TO aroba;

--
-- Name: roles_permissions_id_seq; Type: SEQUENCE; Schema: public; Owner: aroba
--

ALTER TABLE public.roles_permissions ALTER COLUMN id ADD GENERATED BY DEFAULT AS IDENTITY (
    SEQUENCE NAME public.roles_permissions_id_seq
    START WITH 1
    INCREMENT BY 1
    NO MINVALUE
    NO MAXVALUE
    CACHE 1
);


--
-- Name: users; Type: TABLE; Schema: public; Owner: aroba
--

CREATE TABLE public.users (
    id bigint NOT NULL,
    password character varying(128) NOT NULL,
    last_login timestamp with time zone,
    is_superuser boolean NOT NULL,
    created_at timestamp with time zone NOT NULL,
    updated_at timestamp with time zone NOT NULL,
    username character varying(50) NOT NULL,
    first_name character varying(150) NOT NULL,
    last_name character varying(150) NOT NULL,
    date_joined timestamp with time zone NOT NULL,
    is_staff boolean NOT NULL,
    is_active boolean NOT NULL
);


ALTER TABLE public.users OWNER TO aroba;

--
-- Name: users_groups; Type: TABLE; Schema: public; Owner: aroba
--

CREATE TABLE public.users_groups (
    id bigint NOT NULL,
    user_id bigint NOT NULL,
    group_id integer NOT NULL
);


ALTER TABLE public.users_groups OWNER TO aroba;

--
-- Name: users_groups_id_seq; Type: SEQUENCE; Schema: public; Owner: aroba
--

ALTER TABLE public.users_groups ALTER COLUMN id ADD GENERATED BY DEFAULT AS IDENTITY (
    SEQUENCE NAME public.users_groups_id_seq
    START WITH 1
    INCREMENT BY 1
    NO MINVALUE
    NO MAXVALUE
    CACHE 1
);


--
-- Name: users_id_seq; Type: SEQUENCE; Schema: public; Owner: aroba
--

ALTER TABLE public.users ALTER COLUMN id ADD GENERATED BY DEFAULT AS IDENTITY (
    SEQUENCE NAME public.users_id_seq
    START WITH 1
    INCREMENT BY 1
    NO MINVALUE
    NO MAXVALUE
    CACHE 1
);


--
-- Name: users_roles; Type: TABLE; Schema: public; Owner: aroba
--

CREATE TABLE public.users_roles (
    id bigint NOT NULL,
    user_id bigint NOT NULL,
    role_id bigint NOT NULL
);


ALTER TABLE public.users_roles OWNER TO aroba;

--
-- Name: users_roles_id_seq; Type: SEQUENCE; Schema: public; Owner: aroba
--

ALTER TABLE public.users_roles ALTER COLUMN id ADD GENERATED BY DEFAULT AS IDENTITY (
    SEQUENCE NAME public.users_roles_id_seq
    START WITH 1
    INCREMENT BY 1
    NO MINVALUE
    NO MAXVALUE
    CACHE 1
);


--
-- Name: users_user_permissions; Type: TABLE; Schema: public; Owner: aroba
--

CREATE TABLE public.users_user_permissions (
    id bigint NOT NULL,
    user_id bigint NOT NULL,
    permission_id integer NOT NULL
);


ALTER TABLE public.users_user_permissions OWNER TO aroba;

--
-- Name: users_user_permissions_id_seq; Type: SEQUENCE; Schema: public; Owner: aroba
--

ALTER TABLE public.users_user_permissions ALTER COLUMN id ADD GENERATED BY DEFAULT AS IDENTITY (
    SEQUENCE NAME public.users_user_permissions_id_seq
    START WITH 1
    INCREMENT BY 1
    NO MINVALUE
    NO MAXVALUE
    CACHE 1
);


--
-- Data for Name: auth_group; Type: TABLE DATA; Schema: public; Owner: aroba
--

COPY public.auth_group (id, name) FROM stdin;
\.


--
-- Data for Name: auth_group_permissions; Type: TABLE DATA; Schema: public; Owner: aroba
--

COPY public.auth_group_permissions (id, group_id, permission_id) FROM stdin;
\.


--
-- Data for Name: auth_permission; Type: TABLE DATA; Schema: public; Owner: aroba
--

COPY public.auth_permission (id, name, content_type_id, codename) FROM stdin;
1	Can add log entry	1	add_logentry
2	Can change log entry	1	change_logentry
3	Can delete log entry	1	delete_logentry
4	Can view log entry	1	view_logentry
5	Can add permission	2	add_permission
6	Can change permission	2	change_permission
7	Can delete permission	2	delete_permission
8	Can view permission	2	view_permission
9	Can add group	3	add_group
10	Can change group	3	change_group
11	Can delete group	3	delete_group
12	Can view group	3	view_group
13	Can add content type	4	add_contenttype
14	Can change content type	4	change_contenttype
15	Can delete content type	4	delete_contenttype
16	Can view content type	4	view_contenttype
17	Can add session	5	add_session
18	Can change session	5	change_session
19	Can delete session	5	delete_session
20	Can view session	5	view_session
21	Can add region	6	add_region
22	Can change region	6	change_region
23	Can delete region	6	delete_region
24	Can view region	6	view_region
25	Can add point	7	add_point
26	Can change point	7	change_point
27	Can delete point	7	delete_point
28	Can view point	7	view_point
29	Can add content type	8	add_contenttype
30	Can change content type	8	change_contenttype
31	Can delete content type	8	delete_contenttype
32	Can view content type	8	view_contenttype
33	Can add role	9	add_role
34	Can change role	9	change_role
35	Can delete role	9	delete_role
36	Can view role	9	view_role
37	Can add extended content type	10	add_extendedcontenttype
38	Can change extended content type	10	change_extendedcontenttype
39	Can delete extended content type	10	delete_extendedcontenttype
40	Can view extended content type	10	view_extendedcontenttype
41	Can add user	11	add_user
42	Can change user	11	change_user
43	Can delete user	11	delete_user
44	Can view user	11	view_user
45	Can add Client	12	add_client
46	Can change Client	12	change_client
47	Can delete Client	12	delete_client
48	Can view Client	12	view_client
49	Can add Client route	13	add_clientroute
50	Can change Client route	13	change_clientroute
51	Can delete Client route	13	delete_clientroute
52	Can view Client route	13	view_clientroute
53	Can add Order	14	add_order
54	Can change Order	14	change_order
55	Can delete Order	14	delete_order
56	Can view Order	14	view_order
57	Can add Order Payment	15	add_orderpayment
58	Can change Order Payment	15	change_orderpayment
59	Can delete Order Payment	15	delete_orderpayment
60	Can view Order Payment	15	view_orderpayment
\.


--
-- Data for Name: clients; Type: TABLE DATA; Schema: public; Owner: aroba
--

COPY public.clients (id, created_at, updated_at, name, phone, requisite, requisite_file, deleted, accounting_phone) FROM stdin;
\.


--
-- Data for Name: clients_route; Type: TABLE DATA; Schema: public; Owner: aroba
--

COPY public.clients_route (id, created_at, updated_at, amount, type, client_id, loading_id, unloading_id) FROM stdin;
\.


--
-- Data for Name: django_admin_log; Type: TABLE DATA; Schema: public; Owner: aroba
--

COPY public.django_admin_log (id, action_time, object_id, object_repr, action_flag, change_message, content_type_id, user_id) FROM stdin;
\.


--
-- Data for Name: django_content_type; Type: TABLE DATA; Schema: public; Owner: aroba
--

COPY public.django_content_type (id, app_label, model) FROM stdin;
1	admin	logentry
2	auth	permission
3	auth	group
4	contenttypes	contenttype
5	sessions	session
6	common	region
7	common	point
8	users	contenttype
9	users	role
10	users	extendedcontenttype
11	users	user
12	clients	client
13	clients	clientroute
14	orders	order
15	orders	orderpayment
\.


--
-- Data for Name: django_migrations; Type: TABLE DATA; Schema: public; Owner: aroba
--

COPY public.django_migrations (id, app, name, applied) FROM stdin;
1	contenttypes	0001_initial	2024-10-28 06:56:29.390876+05
2	contenttypes	0002_remove_content_type_name	2024-10-28 06:56:29.397241+05
3	auth	0001_initial	2024-10-28 06:56:29.431069+05
4	auth	0002_alter_permission_name_max_length	2024-10-28 06:56:29.434594+05
5	auth	0003_alter_user_email_max_length	2024-10-28 06:56:29.438411+05
6	auth	0004_alter_user_username_opts	2024-10-28 06:56:29.441992+05
7	auth	0005_alter_user_last_login_null	2024-10-28 06:56:29.44552+05
8	auth	0006_require_contenttypes_0002	2024-10-28 06:56:29.447792+05
9	auth	0007_alter_validators_add_error_messages	2024-10-28 06:56:29.451966+05
10	auth	0008_alter_user_username_max_length	2024-10-28 06:56:29.455909+05
11	auth	0009_alter_user_last_name_max_length	2024-10-28 06:56:29.45974+05
12	auth	0010_alter_group_name_max_length	2024-10-28 06:56:29.465464+05
13	auth	0011_update_proxy_permissions	2024-10-28 06:56:29.469738+05
14	auth	0012_alter_user_first_name_max_length	2024-10-28 06:56:29.474465+05
15	users	0001_initial	2024-10-28 06:56:29.558558+05
16	admin	0001_initial	2024-10-28 06:56:29.578719+05
17	admin	0002_logentry_remove_auto_add	2024-10-28 06:56:29.586363+05
18	admin	0003_logentry_add_action_flag_choices	2024-10-28 06:56:29.595121+05
19	common	0001_initial	2024-10-28 06:56:29.611348+05
20	clients	0001_initial	2024-10-28 06:56:29.641114+05
21	orders	0001_initial	2024-10-28 06:56:29.673039+05
22	orders	0002_initial	2024-10-28 06:56:29.715636+05
23	sessions	0001_initial	2024-10-28 06:56:29.727932+05
\.


--
-- Data for Name: django_session; Type: TABLE DATA; Schema: public; Owner: aroba
--

COPY public.django_session (session_key, session_data, expire_date) FROM stdin;
vzu4oelvljpjkyoialml8el8nvs68u89	.eJxVjEEOwiAQAP_C2RCg0IJH730DWZZFqgaS0p6Mf7ckPeh1ZjJv5mHfst8brX6J7Moku_yyAPik0kV8QLlXjrVs6xJ4T_hpG59rpNftbP8GGVruWxTGoAWnpZ0UphQkOGtsQKTjMiSUNACFJHQEAJUgBTWNygltjmpkny8M0TkR:1t5Ezz:NEqPNOJcaiuKCLpTIRPkjUe4SvPTCnqGiLt8Zy7fxWM	2024-11-11 06:56:51.676969+05
aqsw372urfw3obrl17zsm5i2lv040tom	.eJxVjEEOwiAQAP_C2RCg0IJH730DWZZFqgaS0p6Mf7ckPeh1ZjJv5mHfst8brX6J7Moku_yyAPik0kV8QLlXjrVs6xJ4T_hpG59rpNftbP8GGVruWxTGoAWnpZ0UphQkOGtsQKTjMiSUNACFJHQEAJUgBTWNygltjmpkny8M0TkR:1t5HWP:mgVVnThqOMV-pL0y5bjyeEoFfJtYpGGAM090-Cl5Mjg	2024-11-11 09:38:29.430726+05
4e31h7xdcm0hroelrl34azxafkvsit88	.eJxVjEEOwiAQAP_C2RCg0IJH730DWZZFqgaS0p6Mf7ckPeh1ZjJv5mHfst8brX6J7Moku_yyAPik0kV8QLlXjrVs6xJ4T_hpG59rpNftbP8GGVruWxTGoAWnpZ0UphQkOGtsQKTjMiSUNACFJHQEAJUgBTWNygltjmpkny8M0TkR:1t5lND:hXx17yiIXU222sVfj60yHxdmamatyguYR37QGHxgaHY	2024-11-12 17:30:59.11352+05
\.


--
-- Data for Name: extended_content_types; Type: TABLE DATA; Schema: public; Owner: aroba
--

COPY public.extended_content_types (id, custom, content_type_id) FROM stdin;
\.


--
-- Data for Name: order_payments; Type: TABLE DATA; Schema: public; Owner: aroba
--

COPY public.order_payments (id, created_at, updated_at, amount, type, comment, file, order_id) FROM stdin;
\.


--
-- Data for Name: orders; Type: TABLE DATA; Schema: public; Owner: aroba
--

COPY public.orders (id, created_at, updated_at, code, date, paid, comment, payment_type, income, status, car_number, driver_phone, total_amount, client_id, creator_id, loading_id, unloading_id) FROM stdin;
\.


--
-- Data for Name: points; Type: TABLE DATA; Schema: public; Owner: aroba
--

COPY public.points (id, name, lon, lat, deleted, region_id) FROM stdin;
\.


--
-- Data for Name: regions; Type: TABLE DATA; Schema: public; Owner: aroba
--

COPY public.regions (id, name) FROM stdin;
\.


--
-- Data for Name: roles; Type: TABLE DATA; Schema: public; Owner: aroba
--

COPY public.roles (id, created_at, updated_at, name) FROM stdin;
\.


--
-- Data for Name: roles_permissions; Type: TABLE DATA; Schema: public; Owner: aroba
--

COPY public.roles_permissions (id, role_id, permission_id) FROM stdin;
\.


--
-- Data for Name: users; Type: TABLE DATA; Schema: public; Owner: aroba
--

COPY public.users (id, password, last_login, is_superuser, created_at, updated_at, username, first_name, last_name, date_joined, is_staff, is_active) FROM stdin;
1	pbkdf2_sha256$600000$saxXXGPjfAgcYi5wVlpFrY$T/wBYuXAOsnDD4dTjbZiEPc/leALxQFOvurt/HkUNLU=	2024-10-29 17:30:59.092453+05	t	2024-10-28 06:56:39.046436+05	2024-10-28 06:56:39.046443+05	a			2024-10-28 06:56:38.845568+05	t	t
\.


--
-- Data for Name: users_groups; Type: TABLE DATA; Schema: public; Owner: aroba
--

COPY public.users_groups (id, user_id, group_id) FROM stdin;
\.


--
-- Data for Name: users_roles; Type: TABLE DATA; Schema: public; Owner: aroba
--

COPY public.users_roles (id, user_id, role_id) FROM stdin;
\.


--
-- Data for Name: users_user_permissions; Type: TABLE DATA; Schema: public; Owner: aroba
--

COPY public.users_user_permissions (id, user_id, permission_id) FROM stdin;
\.


--
-- Name: auth_group_id_seq; Type: SEQUENCE SET; Schema: public; Owner: aroba
--

SELECT pg_catalog.setval('public.auth_group_id_seq', 1, false);


--
-- Name: auth_group_permissions_id_seq; Type: SEQUENCE SET; Schema: public; Owner: aroba
--

SELECT pg_catalog.setval('public.auth_group_permissions_id_seq', 1, false);


--
-- Name: auth_permission_id_seq; Type: SEQUENCE SET; Schema: public; Owner: aroba
--

SELECT pg_catalog.setval('public.auth_permission_id_seq', 60, true);


--
-- Name: clients_id_seq; Type: SEQUENCE SET; Schema: public; Owner: aroba
--

SELECT pg_catalog.setval('public.clients_id_seq', 1, false);


--
-- Name: clients_route_id_seq; Type: SEQUENCE SET; Schema: public; Owner: aroba
--

SELECT pg_catalog.setval('public.clients_route_id_seq', 1, false);


--
-- Name: django_admin_log_id_seq; Type: SEQUENCE SET; Schema: public; Owner: aroba
--

SELECT pg_catalog.setval('public.django_admin_log_id_seq', 1, false);


--
-- Name: django_content_type_id_seq; Type: SEQUENCE SET; Schema: public; Owner: aroba
--

SELECT pg_catalog.setval('public.django_content_type_id_seq', 15, true);


--
-- Name: django_migrations_id_seq; Type: SEQUENCE SET; Schema: public; Owner: aroba
--

SELECT pg_catalog.setval('public.django_migrations_id_seq', 23, true);


--
-- Name: extended_content_types_id_seq; Type: SEQUENCE SET; Schema: public; Owner: aroba
--

SELECT pg_catalog.setval('public.extended_content_types_id_seq', 1, false);


--
-- Name: order_payments_id_seq; Type: SEQUENCE SET; Schema: public; Owner: aroba
--

SELECT pg_catalog.setval('public.order_payments_id_seq', 1, false);


--
-- Name: orders_id_seq; Type: SEQUENCE SET; Schema: public; Owner: aroba
--

SELECT pg_catalog.setval('public.orders_id_seq', 1, false);


--
-- Name: points_id_seq; Type: SEQUENCE SET; Schema: public; Owner: aroba
--

SELECT pg_catalog.setval('public.points_id_seq', 1, false);


--
-- Name: regions_id_seq; Type: SEQUENCE SET; Schema: public; Owner: aroba
--

SELECT pg_catalog.setval('public.regions_id_seq', 1, false);


--
-- Name: roles_id_seq; Type: SEQUENCE SET; Schema: public; Owner: aroba
--

SELECT pg_catalog.setval('public.roles_id_seq', 1, false);


--
-- Name: roles_permissions_id_seq; Type: SEQUENCE SET; Schema: public; Owner: aroba
--

SELECT pg_catalog.setval('public.roles_permissions_id_seq', 1, false);


--
-- Name: users_groups_id_seq; Type: SEQUENCE SET; Schema: public; Owner: aroba
--

SELECT pg_catalog.setval('public.users_groups_id_seq', 1, false);


--
-- Name: users_id_seq; Type: SEQUENCE SET; Schema: public; Owner: aroba
--

SELECT pg_catalog.setval('public.users_id_seq', 1, true);


--
-- Name: users_roles_id_seq; Type: SEQUENCE SET; Schema: public; Owner: aroba
--

SELECT pg_catalog.setval('public.users_roles_id_seq', 1, false);


--
-- Name: users_user_permissions_id_seq; Type: SEQUENCE SET; Schema: public; Owner: aroba
--

SELECT pg_catalog.setval('public.users_user_permissions_id_seq', 1, false);


--
-- Name: auth_group auth_group_name_key; Type: CONSTRAINT; Schema: public; Owner: aroba
--

ALTER TABLE ONLY public.auth_group
    ADD CONSTRAINT auth_group_name_key UNIQUE (name);


--
-- Name: auth_group_permissions auth_group_permissions_group_id_permission_id_0cd325b0_uniq; Type: CONSTRAINT; Schema: public; Owner: aroba
--

ALTER TABLE ONLY public.auth_group_permissions
    ADD CONSTRAINT auth_group_permissions_group_id_permission_id_0cd325b0_uniq UNIQUE (group_id, permission_id);


--
-- Name: auth_group_permissions auth_group_permissions_pkey; Type: CONSTRAINT; Schema: public; Owner: aroba
--

ALTER TABLE ONLY public.auth_group_permissions
    ADD CONSTRAINT auth_group_permissions_pkey PRIMARY KEY (id);


--
-- Name: auth_group auth_group_pkey; Type: CONSTRAINT; Schema: public; Owner: aroba
--

ALTER TABLE ONLY public.auth_group
    ADD CONSTRAINT auth_group_pkey PRIMARY KEY (id);


--
-- Name: auth_permission auth_permission_content_type_id_codename_01ab375a_uniq; Type: CONSTRAINT; Schema: public; Owner: aroba
--

ALTER TABLE ONLY public.auth_permission
    ADD CONSTRAINT auth_permission_content_type_id_codename_01ab375a_uniq UNIQUE (content_type_id, codename);


--
-- Name: auth_permission auth_permission_pkey; Type: CONSTRAINT; Schema: public; Owner: aroba
--

ALTER TABLE ONLY public.auth_permission
    ADD CONSTRAINT auth_permission_pkey PRIMARY KEY (id);


--
-- Name: clients clients_pkey; Type: CONSTRAINT; Schema: public; Owner: aroba
--

ALTER TABLE ONLY public.clients
    ADD CONSTRAINT clients_pkey PRIMARY KEY (id);


--
-- Name: clients_route clients_route_pkey; Type: CONSTRAINT; Schema: public; Owner: aroba
--

ALTER TABLE ONLY public.clients_route
    ADD CONSTRAINT clients_route_pkey PRIMARY KEY (id);


--
-- Name: django_admin_log django_admin_log_pkey; Type: CONSTRAINT; Schema: public; Owner: aroba
--

ALTER TABLE ONLY public.django_admin_log
    ADD CONSTRAINT django_admin_log_pkey PRIMARY KEY (id);


--
-- Name: django_content_type django_content_type_app_label_model_76bd3d3b_uniq; Type: CONSTRAINT; Schema: public; Owner: aroba
--

ALTER TABLE ONLY public.django_content_type
    ADD CONSTRAINT django_content_type_app_label_model_76bd3d3b_uniq UNIQUE (app_label, model);


--
-- Name: django_content_type django_content_type_pkey; Type: CONSTRAINT; Schema: public; Owner: aroba
--

ALTER TABLE ONLY public.django_content_type
    ADD CONSTRAINT django_content_type_pkey PRIMARY KEY (id);


--
-- Name: django_migrations django_migrations_pkey; Type: CONSTRAINT; Schema: public; Owner: aroba
--

ALTER TABLE ONLY public.django_migrations
    ADD CONSTRAINT django_migrations_pkey PRIMARY KEY (id);


--
-- Name: django_session django_session_pkey; Type: CONSTRAINT; Schema: public; Owner: aroba
--

ALTER TABLE ONLY public.django_session
    ADD CONSTRAINT django_session_pkey PRIMARY KEY (session_key);


--
-- Name: extended_content_types extended_content_types_content_type_id_key; Type: CONSTRAINT; Schema: public; Owner: aroba
--

ALTER TABLE ONLY public.extended_content_types
    ADD CONSTRAINT extended_content_types_content_type_id_key UNIQUE (content_type_id);


--
-- Name: extended_content_types extended_content_types_pkey; Type: CONSTRAINT; Schema: public; Owner: aroba
--

ALTER TABLE ONLY public.extended_content_types
    ADD CONSTRAINT extended_content_types_pkey PRIMARY KEY (id);


--
-- Name: order_payments order_payments_pkey; Type: CONSTRAINT; Schema: public; Owner: aroba
--

ALTER TABLE ONLY public.order_payments
    ADD CONSTRAINT order_payments_pkey PRIMARY KEY (id);


--
-- Name: orders orders_code_key; Type: CONSTRAINT; Schema: public; Owner: aroba
--

ALTER TABLE ONLY public.orders
    ADD CONSTRAINT orders_code_key UNIQUE (code);


--
-- Name: orders orders_pkey; Type: CONSTRAINT; Schema: public; Owner: aroba
--

ALTER TABLE ONLY public.orders
    ADD CONSTRAINT orders_pkey PRIMARY KEY (id);


--
-- Name: points points_pkey; Type: CONSTRAINT; Schema: public; Owner: aroba
--

ALTER TABLE ONLY public.points
    ADD CONSTRAINT points_pkey PRIMARY KEY (id);


--
-- Name: regions regions_pkey; Type: CONSTRAINT; Schema: public; Owner: aroba
--

ALTER TABLE ONLY public.regions
    ADD CONSTRAINT regions_pkey PRIMARY KEY (id);


--
-- Name: roles roles_name_key; Type: CONSTRAINT; Schema: public; Owner: aroba
--

ALTER TABLE ONLY public.roles
    ADD CONSTRAINT roles_name_key UNIQUE (name);


--
-- Name: roles_permissions roles_permissions_pkey; Type: CONSTRAINT; Schema: public; Owner: aroba
--

ALTER TABLE ONLY public.roles_permissions
    ADD CONSTRAINT roles_permissions_pkey PRIMARY KEY (id);


--
-- Name: roles_permissions roles_permissions_role_id_permission_id_d2305313_uniq; Type: CONSTRAINT; Schema: public; Owner: aroba
--

ALTER TABLE ONLY public.roles_permissions
    ADD CONSTRAINT roles_permissions_role_id_permission_id_d2305313_uniq UNIQUE (role_id, permission_id);


--
-- Name: roles roles_pkey; Type: CONSTRAINT; Schema: public; Owner: aroba
--

ALTER TABLE ONLY public.roles
    ADD CONSTRAINT roles_pkey PRIMARY KEY (id);


--
-- Name: clients_route unique_client_router; Type: CONSTRAINT; Schema: public; Owner: aroba
--

ALTER TABLE ONLY public.clients_route
    ADD CONSTRAINT unique_client_router UNIQUE (loading_id, unloading_id, client_id, type);


--
-- Name: order_payments unique_order_type; Type: CONSTRAINT; Schema: public; Owner: aroba
--

ALTER TABLE ONLY public.order_payments
    ADD CONSTRAINT unique_order_type UNIQUE (order_id, type);


--
-- Name: users_groups users_groups_pkey; Type: CONSTRAINT; Schema: public; Owner: aroba
--

ALTER TABLE ONLY public.users_groups
    ADD CONSTRAINT users_groups_pkey PRIMARY KEY (id);


--
-- Name: users_groups users_groups_user_id_group_id_fc7788e8_uniq; Type: CONSTRAINT; Schema: public; Owner: aroba
--

ALTER TABLE ONLY public.users_groups
    ADD CONSTRAINT users_groups_user_id_group_id_fc7788e8_uniq UNIQUE (user_id, group_id);


--
-- Name: users users_pkey; Type: CONSTRAINT; Schema: public; Owner: aroba
--

ALTER TABLE ONLY public.users
    ADD CONSTRAINT users_pkey PRIMARY KEY (id);


--
-- Name: users_roles users_roles_pkey; Type: CONSTRAINT; Schema: public; Owner: aroba
--

ALTER TABLE ONLY public.users_roles
    ADD CONSTRAINT users_roles_pkey PRIMARY KEY (id);


--
-- Name: users_roles users_roles_user_id_role_id_afea9d03_uniq; Type: CONSTRAINT; Schema: public; Owner: aroba
--

ALTER TABLE ONLY public.users_roles
    ADD CONSTRAINT users_roles_user_id_role_id_afea9d03_uniq UNIQUE (user_id, role_id);


--
-- Name: users_user_permissions users_user_permissions_pkey; Type: CONSTRAINT; Schema: public; Owner: aroba
--

ALTER TABLE ONLY public.users_user_permissions
    ADD CONSTRAINT users_user_permissions_pkey PRIMARY KEY (id);


--
-- Name: users_user_permissions users_user_permissions_user_id_permission_id_3b86cbdf_uniq; Type: CONSTRAINT; Schema: public; Owner: aroba
--

ALTER TABLE ONLY public.users_user_permissions
    ADD CONSTRAINT users_user_permissions_user_id_permission_id_3b86cbdf_uniq UNIQUE (user_id, permission_id);


--
-- Name: users users_username_key; Type: CONSTRAINT; Schema: public; Owner: aroba
--

ALTER TABLE ONLY public.users
    ADD CONSTRAINT users_username_key UNIQUE (username);


--
-- Name: auth_group_name_a6ea08ec_like; Type: INDEX; Schema: public; Owner: aroba
--

CREATE INDEX auth_group_name_a6ea08ec_like ON public.auth_group USING btree (name varchar_pattern_ops);


--
-- Name: auth_group_permissions_group_id_b120cbf9; Type: INDEX; Schema: public; Owner: aroba
--

CREATE INDEX auth_group_permissions_group_id_b120cbf9 ON public.auth_group_permissions USING btree (group_id);


--
-- Name: auth_group_permissions_permission_id_84c5c92e; Type: INDEX; Schema: public; Owner: aroba
--

CREATE INDEX auth_group_permissions_permission_id_84c5c92e ON public.auth_group_permissions USING btree (permission_id);


--
-- Name: auth_permission_content_type_id_2f476e4b; Type: INDEX; Schema: public; Owner: aroba
--

CREATE INDEX auth_permission_content_type_id_2f476e4b ON public.auth_permission USING btree (content_type_id);


--
-- Name: clients_route_client_id_e4b94e57; Type: INDEX; Schema: public; Owner: aroba
--

CREATE INDEX clients_route_client_id_e4b94e57 ON public.clients_route USING btree (client_id);


--
-- Name: clients_route_loading_id_ebfafe13; Type: INDEX; Schema: public; Owner: aroba
--

CREATE INDEX clients_route_loading_id_ebfafe13 ON public.clients_route USING btree (loading_id);


--
-- Name: clients_route_unloading_id_648693cb; Type: INDEX; Schema: public; Owner: aroba
--

CREATE INDEX clients_route_unloading_id_648693cb ON public.clients_route USING btree (unloading_id);


--
-- Name: django_admin_log_content_type_id_c4bce8eb; Type: INDEX; Schema: public; Owner: aroba
--

CREATE INDEX django_admin_log_content_type_id_c4bce8eb ON public.django_admin_log USING btree (content_type_id);


--
-- Name: django_admin_log_user_id_c564eba6; Type: INDEX; Schema: public; Owner: aroba
--

CREATE INDEX django_admin_log_user_id_c564eba6 ON public.django_admin_log USING btree (user_id);


--
-- Name: django_session_expire_date_a5c62663; Type: INDEX; Schema: public; Owner: aroba
--

CREATE INDEX django_session_expire_date_a5c62663 ON public.django_session USING btree (expire_date);


--
-- Name: django_session_session_key_c0390e0f_like; Type: INDEX; Schema: public; Owner: aroba
--

CREATE INDEX django_session_session_key_c0390e0f_like ON public.django_session USING btree (session_key varchar_pattern_ops);


--
-- Name: order_payments_order_id_e4609447; Type: INDEX; Schema: public; Owner: aroba
--

CREATE INDEX order_payments_order_id_e4609447 ON public.order_payments USING btree (order_id);


--
-- Name: orders_client_id_67f0b211; Type: INDEX; Schema: public; Owner: aroba
--

CREATE INDEX orders_client_id_67f0b211 ON public.orders USING btree (client_id);


--
-- Name: orders_code_fecb6bd8_like; Type: INDEX; Schema: public; Owner: aroba
--

CREATE INDEX orders_code_fecb6bd8_like ON public.orders USING btree (code varchar_pattern_ops);


--
-- Name: orders_creator_id_d42e2fcc; Type: INDEX; Schema: public; Owner: aroba
--

CREATE INDEX orders_creator_id_d42e2fcc ON public.orders USING btree (creator_id);


--
-- Name: orders_loading_id_b3ca3ab9; Type: INDEX; Schema: public; Owner: aroba
--

CREATE INDEX orders_loading_id_b3ca3ab9 ON public.orders USING btree (loading_id);


--
-- Name: orders_unloading_id_5a17dd5b; Type: INDEX; Schema: public; Owner: aroba
--

CREATE INDEX orders_unloading_id_5a17dd5b ON public.orders USING btree (unloading_id);


--
-- Name: points_region_id_566795ca; Type: INDEX; Schema: public; Owner: aroba
--

CREATE INDEX points_region_id_566795ca ON public.points USING btree (region_id);


--
-- Name: roles_name_51259447_like; Type: INDEX; Schema: public; Owner: aroba
--

CREATE INDEX roles_name_51259447_like ON public.roles USING btree (name varchar_pattern_ops);


--
-- Name: roles_permissions_permission_id_1f74cd91; Type: INDEX; Schema: public; Owner: aroba
--

CREATE INDEX roles_permissions_permission_id_1f74cd91 ON public.roles_permissions USING btree (permission_id);


--
-- Name: roles_permissions_role_id_e913de52; Type: INDEX; Schema: public; Owner: aroba
--

CREATE INDEX roles_permissions_role_id_e913de52 ON public.roles_permissions USING btree (role_id);


--
-- Name: users_groups_group_id_2f3517aa; Type: INDEX; Schema: public; Owner: aroba
--

CREATE INDEX users_groups_group_id_2f3517aa ON public.users_groups USING btree (group_id);


--
-- Name: users_groups_user_id_f500bee5; Type: INDEX; Schema: public; Owner: aroba
--

CREATE INDEX users_groups_user_id_f500bee5 ON public.users_groups USING btree (user_id);


--
-- Name: users_roles_role_id_fe00bf26; Type: INDEX; Schema: public; Owner: aroba
--

CREATE INDEX users_roles_role_id_fe00bf26 ON public.users_roles USING btree (role_id);


--
-- Name: users_roles_user_id_a7500f73; Type: INDEX; Schema: public; Owner: aroba
--

CREATE INDEX users_roles_user_id_a7500f73 ON public.users_roles USING btree (user_id);


--
-- Name: users_user_permissions_permission_id_6d08dcd2; Type: INDEX; Schema: public; Owner: aroba
--

CREATE INDEX users_user_permissions_permission_id_6d08dcd2 ON public.users_user_permissions USING btree (permission_id);


--
-- Name: users_user_permissions_user_id_92473840; Type: INDEX; Schema: public; Owner: aroba
--

CREATE INDEX users_user_permissions_user_id_92473840 ON public.users_user_permissions USING btree (user_id);


--
-- Name: users_username_e8658fc8_like; Type: INDEX; Schema: public; Owner: aroba
--

CREATE INDEX users_username_e8658fc8_like ON public.users USING btree (username varchar_pattern_ops);


--
-- Name: auth_group_permissions auth_group_permissio_permission_id_84c5c92e_fk_auth_perm; Type: FK CONSTRAINT; Schema: public; Owner: aroba
--

ALTER TABLE ONLY public.auth_group_permissions
    ADD CONSTRAINT auth_group_permissio_permission_id_84c5c92e_fk_auth_perm FOREIGN KEY (permission_id) REFERENCES public.auth_permission(id) DEFERRABLE INITIALLY DEFERRED;


--
-- Name: auth_group_permissions auth_group_permissions_group_id_b120cbf9_fk_auth_group_id; Type: FK CONSTRAINT; Schema: public; Owner: aroba
--

ALTER TABLE ONLY public.auth_group_permissions
    ADD CONSTRAINT auth_group_permissions_group_id_b120cbf9_fk_auth_group_id FOREIGN KEY (group_id) REFERENCES public.auth_group(id) DEFERRABLE INITIALLY DEFERRED;


--
-- Name: auth_permission auth_permission_content_type_id_2f476e4b_fk_django_co; Type: FK CONSTRAINT; Schema: public; Owner: aroba
--

ALTER TABLE ONLY public.auth_permission
    ADD CONSTRAINT auth_permission_content_type_id_2f476e4b_fk_django_co FOREIGN KEY (content_type_id) REFERENCES public.django_content_type(id) DEFERRABLE INITIALLY DEFERRED;


--
-- Name: clients_route clients_route_client_id_e4b94e57_fk_clients_id; Type: FK CONSTRAINT; Schema: public; Owner: aroba
--

ALTER TABLE ONLY public.clients_route
    ADD CONSTRAINT clients_route_client_id_e4b94e57_fk_clients_id FOREIGN KEY (client_id) REFERENCES public.clients(id) DEFERRABLE INITIALLY DEFERRED;


--
-- Name: clients_route clients_route_loading_id_ebfafe13_fk_points_id; Type: FK CONSTRAINT; Schema: public; Owner: aroba
--

ALTER TABLE ONLY public.clients_route
    ADD CONSTRAINT clients_route_loading_id_ebfafe13_fk_points_id FOREIGN KEY (loading_id) REFERENCES public.points(id) DEFERRABLE INITIALLY DEFERRED;


--
-- Name: clients_route clients_route_unloading_id_648693cb_fk_points_id; Type: FK CONSTRAINT; Schema: public; Owner: aroba
--

ALTER TABLE ONLY public.clients_route
    ADD CONSTRAINT clients_route_unloading_id_648693cb_fk_points_id FOREIGN KEY (unloading_id) REFERENCES public.points(id) DEFERRABLE INITIALLY DEFERRED;


--
-- Name: django_admin_log django_admin_log_content_type_id_c4bce8eb_fk_django_co; Type: FK CONSTRAINT; Schema: public; Owner: aroba
--

ALTER TABLE ONLY public.django_admin_log
    ADD CONSTRAINT django_admin_log_content_type_id_c4bce8eb_fk_django_co FOREIGN KEY (content_type_id) REFERENCES public.django_content_type(id) DEFERRABLE INITIALLY DEFERRED;


--
-- Name: django_admin_log django_admin_log_user_id_c564eba6_fk_users_id; Type: FK CONSTRAINT; Schema: public; Owner: aroba
--

ALTER TABLE ONLY public.django_admin_log
    ADD CONSTRAINT django_admin_log_user_id_c564eba6_fk_users_id FOREIGN KEY (user_id) REFERENCES public.users(id) DEFERRABLE INITIALLY DEFERRED;


--
-- Name: extended_content_types extended_content_typ_content_type_id_4349e3da_fk_django_co; Type: FK CONSTRAINT; Schema: public; Owner: aroba
--

ALTER TABLE ONLY public.extended_content_types
    ADD CONSTRAINT extended_content_typ_content_type_id_4349e3da_fk_django_co FOREIGN KEY (content_type_id) REFERENCES public.django_content_type(id) DEFERRABLE INITIALLY DEFERRED;


--
-- Name: order_payments order_payments_order_id_e4609447_fk_orders_id; Type: FK CONSTRAINT; Schema: public; Owner: aroba
--

ALTER TABLE ONLY public.order_payments
    ADD CONSTRAINT order_payments_order_id_e4609447_fk_orders_id FOREIGN KEY (order_id) REFERENCES public.orders(id) DEFERRABLE INITIALLY DEFERRED;


--
-- Name: orders orders_client_id_67f0b211_fk_clients_id; Type: FK CONSTRAINT; Schema: public; Owner: aroba
--

ALTER TABLE ONLY public.orders
    ADD CONSTRAINT orders_client_id_67f0b211_fk_clients_id FOREIGN KEY (client_id) REFERENCES public.clients(id) DEFERRABLE INITIALLY DEFERRED;


--
-- Name: orders orders_creator_id_d42e2fcc_fk_users_id; Type: FK CONSTRAINT; Schema: public; Owner: aroba
--

ALTER TABLE ONLY public.orders
    ADD CONSTRAINT orders_creator_id_d42e2fcc_fk_users_id FOREIGN KEY (creator_id) REFERENCES public.users(id) DEFERRABLE INITIALLY DEFERRED;


--
-- Name: orders orders_loading_id_b3ca3ab9_fk_points_id; Type: FK CONSTRAINT; Schema: public; Owner: aroba
--

ALTER TABLE ONLY public.orders
    ADD CONSTRAINT orders_loading_id_b3ca3ab9_fk_points_id FOREIGN KEY (loading_id) REFERENCES public.points(id) DEFERRABLE INITIALLY DEFERRED;


--
-- Name: orders orders_unloading_id_5a17dd5b_fk_points_id; Type: FK CONSTRAINT; Schema: public; Owner: aroba
--

ALTER TABLE ONLY public.orders
    ADD CONSTRAINT orders_unloading_id_5a17dd5b_fk_points_id FOREIGN KEY (unloading_id) REFERENCES public.points(id) DEFERRABLE INITIALLY DEFERRED;


--
-- Name: points points_region_id_566795ca_fk_regions_id; Type: FK CONSTRAINT; Schema: public; Owner: aroba
--

ALTER TABLE ONLY public.points
    ADD CONSTRAINT points_region_id_566795ca_fk_regions_id FOREIGN KEY (region_id) REFERENCES public.regions(id) DEFERRABLE INITIALLY DEFERRED;


--
-- Name: roles_permissions roles_permissions_permission_id_1f74cd91_fk_auth_permission_id; Type: FK CONSTRAINT; Schema: public; Owner: aroba
--

ALTER TABLE ONLY public.roles_permissions
    ADD CONSTRAINT roles_permissions_permission_id_1f74cd91_fk_auth_permission_id FOREIGN KEY (permission_id) REFERENCES public.auth_permission(id) DEFERRABLE INITIALLY DEFERRED;


--
-- Name: roles_permissions roles_permissions_role_id_e913de52_fk_roles_id; Type: FK CONSTRAINT; Schema: public; Owner: aroba
--

ALTER TABLE ONLY public.roles_permissions
    ADD CONSTRAINT roles_permissions_role_id_e913de52_fk_roles_id FOREIGN KEY (role_id) REFERENCES public.roles(id) DEFERRABLE INITIALLY DEFERRED;


--
-- Name: users_groups users_groups_group_id_2f3517aa_fk_auth_group_id; Type: FK CONSTRAINT; Schema: public; Owner: aroba
--

ALTER TABLE ONLY public.users_groups
    ADD CONSTRAINT users_groups_group_id_2f3517aa_fk_auth_group_id FOREIGN KEY (group_id) REFERENCES public.auth_group(id) DEFERRABLE INITIALLY DEFERRED;


--
-- Name: users_groups users_groups_user_id_f500bee5_fk_users_id; Type: FK CONSTRAINT; Schema: public; Owner: aroba
--

ALTER TABLE ONLY public.users_groups
    ADD CONSTRAINT users_groups_user_id_f500bee5_fk_users_id FOREIGN KEY (user_id) REFERENCES public.users(id) DEFERRABLE INITIALLY DEFERRED;


--
-- Name: users_roles users_roles_role_id_fe00bf26_fk_roles_id; Type: FK CONSTRAINT; Schema: public; Owner: aroba
--

ALTER TABLE ONLY public.users_roles
    ADD CONSTRAINT users_roles_role_id_fe00bf26_fk_roles_id FOREIGN KEY (role_id) REFERENCES public.roles(id) DEFERRABLE INITIALLY DEFERRED;


--
-- Name: users_roles users_roles_user_id_a7500f73_fk_users_id; Type: FK CONSTRAINT; Schema: public; Owner: aroba
--

ALTER TABLE ONLY public.users_roles
    ADD CONSTRAINT users_roles_user_id_a7500f73_fk_users_id FOREIGN KEY (user_id) REFERENCES public.users(id) DEFERRABLE INITIALLY DEFERRED;


--
-- Name: users_user_permissions users_user_permissio_permission_id_6d08dcd2_fk_auth_perm; Type: FK CONSTRAINT; Schema: public; Owner: aroba
--

ALTER TABLE ONLY public.users_user_permissions
    ADD CONSTRAINT users_user_permissio_permission_id_6d08dcd2_fk_auth_perm FOREIGN KEY (permission_id) REFERENCES public.auth_permission(id) DEFERRABLE INITIALLY DEFERRED;


--
-- Name: users_user_permissions users_user_permissions_user_id_92473840_fk_users_id; Type: FK CONSTRAINT; Schema: public; Owner: aroba
--

ALTER TABLE ONLY public.users_user_permissions
    ADD CONSTRAINT users_user_permissions_user_id_92473840_fk_users_id FOREIGN KEY (user_id) REFERENCES public.users(id) DEFERRABLE INITIALLY DEFERRED;


--
-- PostgreSQL database dump complete
--

