--
-- PostgreSQL database dump
--

-- Dumped from database version 14.11 (Homebrew)
-- Dumped by pg_dump version 14.11 (Homebrew)

SET statement_timeout = 0;
SET lock_timeout = 0;
SET idle_in_transaction_session_timeout = 0;
SET client_encoding = 'UTF8';
SET standard_conforming_strings = on;
SELECT pg_catalog.set_config('search_path', '', false);
SET check_function_bodies = false;
SET xmloption = content;
SET client_min_messages = warning;
SET row_security = off;

SET default_tablespace = '';

SET default_table_access_method = heap;

--
-- Name: auth_group; Type: TABLE; Schema: public; Owner: aroba
--

CREATE TABLE public.auth_group (
    id integer NOT NULL,
    name character varying(150) NOT NULL
);


ALTER TABLE public.auth_group OWNER TO aroba;

--
-- Name: auth_group_id_seq; Type: SEQUENCE; Schema: public; Owner: aroba
--

ALTER TABLE public.auth_group ALTER COLUMN id ADD GENERATED BY DEFAULT AS IDENTITY (
    SEQUENCE NAME public.auth_group_id_seq
    START WITH 1
    INCREMENT BY 1
    NO MINVALUE
    NO MAXVALUE
    CACHE 1
);


--
-- Name: auth_group_permissions; Type: TABLE; Schema: public; Owner: aroba
--

CREATE TABLE public.auth_group_permissions (
    id bigint NOT NULL,
    group_id integer NOT NULL,
    permission_id integer NOT NULL
);


ALTER TABLE public.auth_group_permissions OWNER TO aroba;

--
-- Name: auth_group_permissions_id_seq; Type: SEQUENCE; Schema: public; Owner: aroba
--

ALTER TABLE public.auth_group_permissions ALTER COLUMN id ADD GENERATED BY DEFAULT AS IDENTITY (
    SEQUENCE NAME public.auth_group_permissions_id_seq
    START WITH 1
    INCREMENT BY 1
    NO MINVALUE
    NO MAXVALUE
    CACHE 1
);


--
-- Name: auth_permission; Type: TABLE; Schema: public; Owner: aroba
--

CREATE TABLE public.auth_permission (
    id integer NOT NULL,
    name character varying(255) NOT NULL,
    content_type_id integer NOT NULL,
    codename character varying(100) NOT NULL
);


ALTER TABLE public.auth_permission OWNER TO aroba;

--
-- Name: auth_permission_id_seq; Type: SEQUENCE; Schema: public; Owner: aroba
--

ALTER TABLE public.auth_permission ALTER COLUMN id ADD GENERATED BY DEFAULT AS IDENTITY (
    SEQUENCE NAME public.auth_permission_id_seq
    START WITH 1
    INCREMENT BY 1
    NO MINVALUE
    NO MAXVALUE
    CACHE 1
);


--
-- Name: clients; Type: TABLE; Schema: public; Owner: aroba
--

CREATE TABLE public.clients (
    id bigint NOT NULL,
    created_at timestamp with time zone NOT NULL,
    updated_at timestamp with time zone NOT NULL,
    name character varying(255) NOT NULL,
    phone character varying(20) NOT NULL,
    requisite character varying(255) NOT NULL,
    requisite_file character varying(100) NOT NULL,
    deleted boolean NOT NULL,
    accounting_phone character varying(20) NOT NULL
);


ALTER TABLE public.clients OWNER TO aroba;

--
-- Name: clients_id_seq; Type: SEQUENCE; Schema: public; Owner: aroba
--

ALTER TABLE public.clients ALTER COLUMN id ADD GENERATED BY DEFAULT AS IDENTITY (
    SEQUENCE NAME public.clients_id_seq
    START WITH 1
    INCREMENT BY 1
    NO MINVALUE
    NO MAXVALUE
    CACHE 1
);


--
-- Name: clients_route; Type: TABLE; Schema: public; Owner: aroba
--

CREATE TABLE public.clients_route (
    id bigint NOT NULL,
    created_at timestamp with time zone NOT NULL,
    updated_at timestamp with time zone NOT NULL,
    amount numeric(10,2) NOT NULL,
    type character varying(15) NOT NULL,
    client_id bigint NOT NULL,
    loading_id bigint NOT NULL,
    unloading_id bigint NOT NULL
);


ALTER TABLE public.clients_route OWNER TO aroba;

--
-- Name: clients_route_id_seq; Type: SEQUENCE; Schema: public; Owner: aroba
--

ALTER TABLE public.clients_route ALTER COLUMN id ADD GENERATED BY DEFAULT AS IDENTITY (
    SEQUENCE NAME public.clients_route_id_seq
    START WITH 1
    INCREMENT BY 1
    NO MINVALUE
    NO MAXVALUE
    CACHE 1
);


--
-- Name: django_admin_log; Type: TABLE; Schema: public; Owner: aroba
--

CREATE TABLE public.django_admin_log (
    id integer NOT NULL,
    action_time timestamp with time zone NOT NULL,
    object_id text,
    object_repr character varying(200) NOT NULL,
    action_flag smallint NOT NULL,
    change_message text NOT NULL,
    content_type_id integer,
    user_id bigint NOT NULL,
    CONSTRAINT django_admin_log_action_flag_check CHECK ((action_flag >= 0))
);


ALTER TABLE public.django_admin_log OWNER TO aroba;

--
-- Name: django_admin_log_id_seq; Type: SEQUENCE; Schema: public; Owner: aroba
--

ALTER TABLE public.django_admin_log ALTER COLUMN id ADD GENERATED BY DEFAULT AS IDENTITY (
    SEQUENCE NAME public.django_admin_log_id_seq
    START WITH 1
    INCREMENT BY 1
    NO MINVALUE
    NO MAXVALUE
    CACHE 1
);


--
-- Name: django_content_type; Type: TABLE; Schema: public; Owner: aroba
--

CREATE TABLE public.django_content_type (
    id integer NOT NULL,
    app_label character varying(100) NOT NULL,
    model character varying(100) NOT NULL
);


ALTER TABLE public.django_content_type OWNER TO aroba;

--
-- Name: django_content_type_id_seq; Type: SEQUENCE; Schema: public; Owner: aroba
--

ALTER TABLE public.django_content_type ALTER COLUMN id ADD GENERATED BY DEFAULT AS IDENTITY (
    SEQUENCE NAME public.django_content_type_id_seq
    START WITH 1
    INCREMENT BY 1
    NO MINVALUE
    NO MAXVALUE
    CACHE 1
);


--
-- Name: django_migrations; Type: TABLE; Schema: public; Owner: aroba
--

CREATE TABLE public.django_migrations (
    id bigint NOT NULL,
    app character varying(255) NOT NULL,
    name character varying(255) NOT NULL,
    applied timestamp with time zone NOT NULL
);


ALTER TABLE public.django_migrations OWNER TO aroba;

--
-- Name: django_migrations_id_seq; Type: SEQUENCE; Schema: public; Owner: aroba
--

ALTER TABLE public.django_migrations ALTER COLUMN id ADD GENERATED BY DEFAULT AS IDENTITY (
    SEQUENCE NAME public.django_migrations_id_seq
    START WITH 1
    INCREMENT BY 1
    NO MINVALUE
    NO MAXVALUE
    CACHE 1
);


--
-- Name: django_session; Type: TABLE; Schema: public; Owner: aroba
--

CREATE TABLE public.django_session (
    session_key character varying(40) NOT NULL,
    session_data text NOT NULL,
    expire_date timestamp with time zone NOT NULL
);


ALTER TABLE public.django_session OWNER TO aroba;

--
-- Name: extended_content_types; Type: TABLE; Schema: public; Owner: aroba
--

CREATE TABLE public.extended_content_types (
    id bigint NOT NULL,
    custom boolean NOT NULL,
    content_type_id integer NOT NULL
);


ALTER TABLE public.extended_content_types OWNER TO aroba;

--
-- Name: extended_content_types_id_seq; Type: SEQUENCE; Schema: public; Owner: aroba
--

ALTER TABLE public.extended_content_types ALTER COLUMN id ADD GENERATED BY DEFAULT AS IDENTITY (
    SEQUENCE NAME public.extended_content_types_id_seq
    START WITH 1
    INCREMENT BY 1
    NO MINVALUE
    NO MAXVALUE
    CACHE 1
);


--
-- Name: order_logs; Type: TABLE; Schema: public; Owner: aroba
--

CREATE TABLE public.order_logs (
    id bigint NOT NULL,
    created_at timestamp with time zone NOT NULL,
    updated_at timestamp with time zone NOT NULL,
    comment character varying(255),
    action character varying(20) NOT NULL,
    order_id bigint NOT NULL,
    user_id bigint NOT NULL
);


ALTER TABLE public.order_logs OWNER TO aroba;

--
-- Name: order_logs_id_seq; Type: SEQUENCE; Schema: public; Owner: aroba
--

ALTER TABLE public.order_logs ALTER COLUMN id ADD GENERATED BY DEFAULT AS IDENTITY (
    SEQUENCE NAME public.order_logs_id_seq
    START WITH 1
    INCREMENT BY 1
    NO MINVALUE
    NO MAXVALUE
    CACHE 1
);


--
-- Name: order_payments; Type: TABLE; Schema: public; Owner: aroba
--

CREATE TABLE public.order_payments (
    id bigint NOT NULL,
    created_at timestamp with time zone NOT NULL,
    updated_at timestamp with time zone NOT NULL,
    amount numeric(10,2) NOT NULL,
    type character varying(15) NOT NULL,
    comment text,
    file character varying(100),
    order_id bigint NOT NULL
);


ALTER TABLE public.order_payments OWNER TO aroba;

--
-- Name: order_payments_id_seq; Type: SEQUENCE; Schema: public; Owner: aroba
--

ALTER TABLE public.order_payments ALTER COLUMN id ADD GENERATED BY DEFAULT AS IDENTITY (
    SEQUENCE NAME public.order_payments_id_seq
    START WITH 1
    INCREMENT BY 1
    NO MINVALUE
    NO MAXVALUE
    CACHE 1
);


--
-- Name: orders; Type: TABLE; Schema: public; Owner: aroba
--

CREATE TABLE public.orders (
    id bigint NOT NULL,
    created_at timestamp with time zone NOT NULL,
    updated_at timestamp with time zone NOT NULL,
    code character varying(20) NOT NULL,
    date date NOT NULL,
    paid boolean NOT NULL,
    comment text,
    payment_type character varying(15) NOT NULL,
    income numeric(10,2),
    status integer NOT NULL,
    car_number character varying(20),
    driver_phone character varying(20),
    total_amount numeric(10,2),
    client_id bigint NOT NULL,
    creator_id bigint NOT NULL,
    loading_id bigint NOT NULL,
    unloading_id bigint NOT NULL,
    dispatcher_id bigint
);


ALTER TABLE public.orders OWNER TO aroba;

--
-- Name: orders_id_seq; Type: SEQUENCE; Schema: public; Owner: aroba
--

ALTER TABLE public.orders ALTER COLUMN id ADD GENERATED BY DEFAULT AS IDENTITY (
    SEQUENCE NAME public.orders_id_seq
    START WITH 1
    INCREMENT BY 1
    NO MINVALUE
    NO MAXVALUE
    CACHE 1
);


--
-- Name: points; Type: TABLE; Schema: public; Owner: aroba
--

CREATE TABLE public.points (
    id bigint NOT NULL,
    name character varying(255) NOT NULL,
    lon numeric(9,6),
    lat numeric(9,6),
    deleted boolean NOT NULL,
    region_id bigint
);


ALTER TABLE public.points OWNER TO aroba;

--
-- Name: points_id_seq; Type: SEQUENCE; Schema: public; Owner: aroba
--

ALTER TABLE public.points ALTER COLUMN id ADD GENERATED BY DEFAULT AS IDENTITY (
    SEQUENCE NAME public.points_id_seq
    START WITH 1
    INCREMENT BY 1
    NO MINVALUE
    NO MAXVALUE
    CACHE 1
);


--
-- Name: regions; Type: TABLE; Schema: public; Owner: aroba
--

CREATE TABLE public.regions (
    id bigint NOT NULL,
    name character varying(255) NOT NULL
);


ALTER TABLE public.regions OWNER TO aroba;

--
-- Name: regions_id_seq; Type: SEQUENCE; Schema: public; Owner: aroba
--

ALTER TABLE public.regions ALTER COLUMN id ADD GENERATED BY DEFAULT AS IDENTITY (
    SEQUENCE NAME public.regions_id_seq
    START WITH 1
    INCREMENT BY 1
    NO MINVALUE
    NO MAXVALUE
    CACHE 1
);


--
-- Name: roles; Type: TABLE; Schema: public; Owner: aroba
--

CREATE TABLE public.roles (
    id bigint NOT NULL,
    created_at timestamp with time zone NOT NULL,
    updated_at timestamp with time zone NOT NULL,
    name character varying(150) NOT NULL
);


ALTER TABLE public.roles OWNER TO aroba;

--
-- Name: roles_id_seq; Type: SEQUENCE; Schema: public; Owner: aroba
--

ALTER TABLE public.roles ALTER COLUMN id ADD GENERATED BY DEFAULT AS IDENTITY (
    SEQUENCE NAME public.roles_id_seq
    START WITH 1
    INCREMENT BY 1
    NO MINVALUE
    NO MAXVALUE
    CACHE 1
);


--
-- Name: roles_permissions; Type: TABLE; Schema: public; Owner: aroba
--

CREATE TABLE public.roles_permissions (
    id bigint NOT NULL,
    role_id bigint NOT NULL,
    permission_id integer NOT NULL
);


ALTER TABLE public.roles_permissions OWNER TO aroba;

--
-- Name: roles_permissions_id_seq; Type: SEQUENCE; Schema: public; Owner: aroba
--

ALTER TABLE public.roles_permissions ALTER COLUMN id ADD GENERATED BY DEFAULT AS IDENTITY (
    SEQUENCE NAME public.roles_permissions_id_seq
    START WITH 1
    INCREMENT BY 1
    NO MINVALUE
    NO MAXVALUE
    CACHE 1
);


--
-- Name: users; Type: TABLE; Schema: public; Owner: aroba
--

CREATE TABLE public.users (
    id bigint NOT NULL,
    password character varying(128) NOT NULL,
    last_login timestamp with time zone,
    is_superuser boolean NOT NULL,
    created_at timestamp with time zone NOT NULL,
    updated_at timestamp with time zone NOT NULL,
    username character varying(50) NOT NULL,
    first_name character varying(150) NOT NULL,
    last_name character varying(150) NOT NULL,
    date_joined timestamp with time zone NOT NULL,
    is_staff boolean NOT NULL,
    is_active boolean NOT NULL
);


ALTER TABLE public.users OWNER TO aroba;

--
-- Name: users_groups; Type: TABLE; Schema: public; Owner: aroba
--

CREATE TABLE public.users_groups (
    id bigint NOT NULL,
    user_id bigint NOT NULL,
    group_id integer NOT NULL
);


ALTER TABLE public.users_groups OWNER TO aroba;

--
-- Name: users_groups_id_seq; Type: SEQUENCE; Schema: public; Owner: aroba
--

ALTER TABLE public.users_groups ALTER COLUMN id ADD GENERATED BY DEFAULT AS IDENTITY (
    SEQUENCE NAME public.users_groups_id_seq
    START WITH 1
    INCREMENT BY 1
    NO MINVALUE
    NO MAXVALUE
    CACHE 1
);


--
-- Name: users_id_seq; Type: SEQUENCE; Schema: public; Owner: aroba
--

ALTER TABLE public.users ALTER COLUMN id ADD GENERATED BY DEFAULT AS IDENTITY (
    SEQUENCE NAME public.users_id_seq
    START WITH 1
    INCREMENT BY 1
    NO MINVALUE
    NO MAXVALUE
    CACHE 1
);


--
-- Name: users_roles; Type: TABLE; Schema: public; Owner: aroba
--

CREATE TABLE public.users_roles (
    id bigint NOT NULL,
    user_id bigint NOT NULL,
    role_id bigint NOT NULL
);


ALTER TABLE public.users_roles OWNER TO aroba;

--
-- Name: users_roles_id_seq; Type: SEQUENCE; Schema: public; Owner: aroba
--

ALTER TABLE public.users_roles ALTER COLUMN id ADD GENERATED BY DEFAULT AS IDENTITY (
    SEQUENCE NAME public.users_roles_id_seq
    START WITH 1
    INCREMENT BY 1
    NO MINVALUE
    NO MAXVALUE
    CACHE 1
);


--
-- Name: users_user_permissions; Type: TABLE; Schema: public; Owner: aroba
--

CREATE TABLE public.users_user_permissions (
    id bigint NOT NULL,
    user_id bigint NOT NULL,
    permission_id integer NOT NULL
);


ALTER TABLE public.users_user_permissions OWNER TO aroba;

--
-- Name: users_user_permissions_id_seq; Type: SEQUENCE; Schema: public; Owner: aroba
--

ALTER TABLE public.users_user_permissions ALTER COLUMN id ADD GENERATED BY DEFAULT AS IDENTITY (
    SEQUENCE NAME public.users_user_permissions_id_seq
    START WITH 1
    INCREMENT BY 1
    NO MINVALUE
    NO MAXVALUE
    CACHE 1
);


--
-- Data for Name: auth_group; Type: TABLE DATA; Schema: public; Owner: aroba
--

COPY public.auth_group (id, name) FROM stdin;
\.


--
-- Data for Name: auth_group_permissions; Type: TABLE DATA; Schema: public; Owner: aroba
--

COPY public.auth_group_permissions (id, group_id, permission_id) FROM stdin;
\.


--
-- Data for Name: auth_permission; Type: TABLE DATA; Schema: public; Owner: aroba
--

COPY public.auth_permission (id, name, content_type_id, codename) FROM stdin;
1	Can add log entry	1	add_logentry
2	Can change log entry	1	change_logentry
3	Can delete log entry	1	delete_logentry
4	Can view log entry	1	view_logentry
5	Can add permission	2	add_permission
6	Can change permission	2	change_permission
7	Can delete permission	2	delete_permission
8	Can view permission	2	view_permission
9	Can add group	3	add_group
10	Can change group	3	change_group
11	Can delete group	3	delete_group
12	Can view group	3	view_group
13	Can add content type	4	add_contenttype
14	Can change content type	4	change_contenttype
15	Can delete content type	4	delete_contenttype
16	Can view content type	4	view_contenttype
17	Can add session	5	add_session
18	Can change session	5	change_session
19	Can delete session	5	delete_session
20	Can view session	5	view_session
21	Can add region	6	add_region
22	Can change region	6	change_region
23	Can delete region	6	delete_region
24	Can view region	6	view_region
25	Can add point	7	add_point
26	Can change point	7	change_point
27	Can delete point	7	delete_point
28	Can view point	7	view_point
29	Can add role	8	add_role
30	Can change role	8	change_role
31	Can delete role	8	delete_role
32	Can view role	8	view_role
33	Can add user	9	add_user
34	Can change user	9	change_user
35	Can delete user	9	delete_user
36	Can view user	9	view_user
37	Can add extended module	10	add_extendedmodule
38	Can change extended module	10	change_extendedmodule
39	Can delete extended module	10	delete_extendedmodule
40	Can view extended module	10	view_extendedmodule
41	Can add module	11	add_module
42	Can change module	11	change_module
43	Can delete module	11	delete_module
44	Can view module	11	view_module
45	Can add Client	12	add_client
46	Can change Client	12	change_client
47	Can delete Client	12	delete_client
48	Can view Client	12	view_client
49	Can add Client route	13	add_clientroute
50	Can change Client route	13	change_clientroute
51	Can delete Client route	13	delete_clientroute
52	Can view Client route	13	view_clientroute
53	Can add Order	14	add_order
54	Can change Order	14	change_order
55	Can delete Order	14	delete_order
56	Can view Order	14	view_order
57	Can add Order Payment	15	add_orderpayment
58	Can change Order Payment	15	change_orderpayment
59	Can delete Order Payment	15	delete_orderpayment
60	Can view Order Payment	15	view_orderpayment
61	Can add Order Log	16	add_orderlog
62	Can change Order Log	16	change_orderlog
63	Can delete Order Log	16	delete_orderlog
64	Can view Order Log	16	view_orderlog
\.


--
-- Data for Name: clients; Type: TABLE DATA; Schema: public; Owner: aroba
--

COPY public.clients (id, created_at, updated_at, name, phone, requisite, requisite_file, deleted, accounting_phone) FROM stdin;
1	2024-10-31 16:26:39.758419+05	2024-10-31 16:30:17.18769+05	Coca Cola	998911111111	Assalomu aleykum	clients/Screenshot_2024-10-08_at_16.51.48.png	f	998911111111
\.


--
-- Data for Name: clients_route; Type: TABLE DATA; Schema: public; Owner: aroba
--

COPY public.clients_route (id, created_at, updated_at, amount, type, client_id, loading_id, unloading_id) FROM stdin;
1	2024-10-31 16:28:07.324459+05	2024-10-31 16:28:07.324471+05	100000.00	cash	1	1	2
2	2024-10-31 16:30:17.190225+05	2024-10-31 16:30:17.190248+05	100000.00	cash	1	3	2
\.


--
-- Data for Name: django_admin_log; Type: TABLE DATA; Schema: public; Owner: aroba
--

COPY public.django_admin_log (id, action_time, object_id, object_repr, action_flag, change_message, content_type_id, user_id) FROM stdin;
1	2024-10-31 15:02:14.444485+05	1	a	2	[{"changed": {"fields": ["User permissions"]}}]	9	1
2	2024-10-31 16:26:39.770649+05	1	Coca Cola	1	[{"added": {}}]	12	1
3	2024-10-31 16:27:09.996924+05	1	Region object (1)	1	[{"added": {}}]	6	1
4	2024-10-31 16:27:31.466674+05	1	Bektemir	1	[{"added": {}}]	7	1
5	2024-10-31 16:27:56.193011+05	2	Family	1	[{"added": {}}]	7	1
6	2024-10-31 16:28:07.331513+05	1	Coca Cola	2	[{"added": {"name": "Client route", "object": "Coca Cola"}}]	12	1
7	2024-10-31 16:30:03.65501+05	3	Magic City	1	[{"added": {}}]	7	1
8	2024-10-31 16:30:17.192398+05	1	Coca Cola	2	[{"added": {"name": "Client route", "object": "Coca Cola"}}]	12	1
9	2024-10-31 16:38:25.174319+05	1	Order object (1)	1	[{"added": {}}]	14	1
10	2024-10-31 18:36:00.217243+05	104	Order object (104)	2	[{"changed": {"fields": ["Status"]}}]	14	1
11	2024-10-31 18:36:28.939502+05	104	Order object (104)	2	[{"added": {"name": "Order Payment", "object": "OrderPayment object (1)"}}]	14	1
12	2024-10-31 19:35:02.873693+05	104	Order object (104)	2	[{"changed": {"name": "Order Payment", "object": "OrderPayment object (1)", "fields": ["File"]}}]	14	1
13	2024-10-31 19:39:27.45894+05	103	Order object (103)	2	[{"changed": {"fields": ["Status"]}}]	14	1
14	2024-11-01 09:17:18.888688+05	83	454UL	2	[{"changed": {"fields": ["Status"]}}]	14	1
15	2024-11-01 09:17:27.860606+05	89	770PQ	2	[{"changed": {"fields": ["Status"]}}]	14	1
16	2024-11-01 09:18:00.452437+05	91	286KX	2	[{"changed": {"fields": ["Status"]}}]	14	1
\.


--
-- Data for Name: django_content_type; Type: TABLE DATA; Schema: public; Owner: aroba
--

COPY public.django_content_type (id, app_label, model) FROM stdin;
1	admin	logentry
2	auth	permission
3	auth	group
4	contenttypes	contenttype
5	sessions	session
6	common	region
7	common	point
8	users	role
9	users	user
10	users	extendedmodule
11	users	module
12	clients	client
13	clients	clientroute
14	orders	order
15	orders	orderpayment
16	orders	orderlog
\.


--
-- Data for Name: django_migrations; Type: TABLE DATA; Schema: public; Owner: aroba
--

COPY public.django_migrations (id, app, name, applied) FROM stdin;
1	contenttypes	0001_initial	2024-10-31 10:14:06.933144+05
2	contenttypes	0002_remove_content_type_name	2024-10-31 10:14:06.941678+05
3	auth	0001_initial	2024-10-31 10:14:06.985707+05
4	auth	0002_alter_permission_name_max_length	2024-10-31 10:14:06.990709+05
5	auth	0003_alter_user_email_max_length	2024-10-31 10:14:06.995381+05
6	auth	0004_alter_user_username_opts	2024-10-31 10:14:07.000106+05
7	auth	0005_alter_user_last_login_null	2024-10-31 10:14:07.005862+05
8	auth	0006_require_contenttypes_0002	2024-10-31 10:14:07.008427+05
9	auth	0007_alter_validators_add_error_messages	2024-10-31 10:14:07.012965+05
10	auth	0008_alter_user_username_max_length	2024-10-31 10:14:07.017764+05
11	auth	0009_alter_user_last_name_max_length	2024-10-31 10:14:07.02244+05
12	auth	0010_alter_group_name_max_length	2024-10-31 10:14:07.030027+05
13	auth	0011_update_proxy_permissions	2024-10-31 10:14:07.035276+05
14	auth	0012_alter_user_first_name_max_length	2024-10-31 10:14:07.040066+05
15	users	0001_initial	2024-10-31 10:14:07.130573+05
16	admin	0001_initial	2024-10-31 10:14:07.152127+05
17	admin	0002_logentry_remove_auto_add	2024-10-31 10:14:07.159003+05
18	admin	0003_logentry_add_action_flag_choices	2024-10-31 10:14:07.16539+05
19	common	0001_initial	2024-10-31 10:14:07.184237+05
20	clients	0001_initial	2024-10-31 10:14:07.216811+05
21	common	0002_alter_point_managers	2024-10-31 10:14:07.221469+05
22	orders	0001_initial	2024-10-31 10:14:07.257731+05
23	orders	0002_initial	2024-10-31 10:14:07.303219+05
24	sessions	0001_initial	2024-10-31 10:14:07.316246+05
25	users	0002_rename_extendedcontenttype_extendedmodule_and_more	2024-10-31 10:14:07.347614+05
26	orders	0003_order_dispatcher_alter_order_creator	2024-10-31 15:51:14.015501+05
27	common	0003_alter_point_deleted	2024-10-31 20:03:39.61507+05
28	orders	0004_orderlog	2024-10-31 20:03:39.659724+05
29	orders	0005_alter_orderlog_action	2024-11-01 09:23:55.66308+05
\.


--
-- Data for Name: django_session; Type: TABLE DATA; Schema: public; Owner: aroba
--

COPY public.django_session (session_key, session_data, expire_date) FROM stdin;
nt96xb8cn9d8oi1kfs5wawd5l10pheod	.eJxVjEEOwiAQRe_C2hDaUphx6d4zkIEBqRpISrsy3l1JutDtf-_9l3C0b9ntLa5uYXEWgzj9bp7CI5YO-E7lVmWoZVsXL7siD9rktXJ8Xg737yBTy72Oo0YI5HH2AQmTHQDAACbFk7YGQ5qS9dp8cZzsjNZoBUnzqBUyk3h_AOlzN9g:1t6Rzo:UEV0xqlw13k6DkpmMj0tvdgmdTpByuKMSSEDFhGsnI4	2024-11-14 15:01:40.489364+05
\.


--
-- Data for Name: extended_content_types; Type: TABLE DATA; Schema: public; Owner: aroba
--

COPY public.extended_content_types (id, custom, content_type_id) FROM stdin;
\.


--
-- Data for Name: order_logs; Type: TABLE DATA; Schema: public; Owner: aroba
--

COPY public.order_logs (id, created_at, updated_at, comment, action, order_id, user_id) FROM stdin;
1	2024-10-31 20:03:42.106199+05	2024-10-31 20:03:42.10625+05	\N	create	108	1
2	2024-10-31 20:33:50.530335+05	2024-10-31 20:33:50.530354+05	Summa qo'shib berildi: 10000Komentariya: string	additional_amount	102	1
3	2024-10-31 20:34:29.192147+05	2024-10-31 20:34:29.192168+05	Summa qo'shib berildi: 10000\nKomentariya: string	additional_amount	99	1
\.


--
-- Data for Name: order_payments; Type: TABLE DATA; Schema: public; Owner: aroba
--

COPY public.order_payments (id, created_at, updated_at, amount, type, comment, file, order_id) FROM stdin;
1	2024-10-31 18:36:28.934725+05	2024-10-31 19:35:02.866271+05	10000.00	extra	hsdjbclksadcas	payments/4_tailung.avif	104
2	2024-10-31 20:24:59.659807+05	2024-10-31 20:24:59.659852+05	0.00	extra	string		108
4	2024-10-31 20:33:50.527754+05	2024-10-31 20:33:50.527781+05	10000.00	extra	string		102
5	2024-10-31 20:34:29.189513+05	2024-10-31 20:34:29.189536+05	10000.00	extra	string		99
\.


--
-- Data for Name: orders; Type: TABLE DATA; Schema: public; Owner: aroba
--

COPY public.orders (id, created_at, updated_at, code, date, paid, comment, payment_type, income, status, car_number, driver_phone, total_amount, client_id, creator_id, loading_id, unloading_id, dispatcher_id) FROM stdin;
81	2024-10-31 16:59:05.824957+05	2024-10-31 16:59:05.824961+05	083FF	2024-10-31	f	string	transfer	\N	1	\N	\N	\N	1	1	3	2	\N
82	2024-10-31 16:59:05.824983+05	2024-10-31 16:59:05.824986+05	169AG	2024-10-31	f	string	transfer	\N	1	\N	\N	\N	1	1	3	2	\N
87	2024-10-31 16:59:05.825102+05	2024-10-31 16:59:05.825104+05	808XT	2024-10-31	f	string	transfer	\N	1	\N	\N	\N	1	1	3	2	\N
88	2024-10-31 16:59:05.825125+05	2024-10-31 16:59:05.825127+05	744KG	2024-10-31	f	string	transfer	\N	1	\N	\N	\N	1	1	3	2	\N
92	2024-10-31 17:00:27.450149+05	2024-10-31 17:00:27.450151+05	338XG	2024-10-31	f	string	transfer	\N	1	\N	\N	\N	1	1	3	2	\N
93	2024-10-31 17:00:27.45017+05	2024-10-31 17:00:27.450172+05	247YZ	2024-10-31	f	string	transfer	\N	1	\N	\N	\N	1	1	3	2	\N
95	2024-10-31 17:00:27.450212+05	2024-10-31 17:00:27.450214+05	230QG	2024-10-31	f	string	transfer	\N	1	\N	\N	\N	1	1	3	2	\N
97	2024-10-31 17:00:27.450253+05	2024-10-31 17:00:27.450255+05	478RL	2024-10-31	f	string	transfer	\N	1	\N	\N	\N	1	1	3	2	\N
98	2024-10-31 17:00:27.450273+05	2024-10-31 17:00:27.450276+05	059JC	2024-10-31	f	string	transfer	\N	1	\N	\N	\N	1	1	3	2	\N
99	2024-10-31 17:00:27.450294+05	2024-10-31 17:00:27.450296+05	836TR	2024-10-31	f	string	transfer	\N	1	\N	\N	\N	1	1	3	2	\N
101	2024-10-31 17:14:04.378168+05	2024-10-31 17:14:04.378177+05	34ZPE	2024-10-31	f	asdfasdf	cash	\N	1	\N	\N	\N	1	1	3	2	\N
102	2024-10-31 17:14:04.378237+05	2024-10-31 18:34:15.44496+05	09DAH	2024-10-31	f	asdfasdf	cash	\N	1	\N	\N	\N	1	1	3	2	\N
84	2024-10-31 16:59:05.825031+05	2024-10-31 18:44:29.071621+05	248GX	2024-10-31	f	string	transfer	\N	1	\N	\N	\N	1	1	3	2	1
94	2024-10-31 17:00:27.450191+05	2024-10-31 18:39:36.170646+05	663LJ	2024-10-31	f	string	transfer	\N	1	\N	\N	\N	1	1	3	2	1
80	2024-10-31 16:59:05.824908+05	2024-10-31 18:44:17.093156+05	944WG	2024-10-31	f	string	transfer	\N	1	\N	\N	\N	1	1	3	2	1
85	2024-10-31 16:59:05.825055+05	2024-10-31 18:44:21.079704+05	628QF	2024-10-31	f	string	transfer	\N	1	\N	\N	\N	1	1	3	2	1
86	2024-10-31 16:59:05.825078+05	2024-10-31 18:44:26.047323+05	265EZ	2024-10-31	f	string	transfer	\N	1	\N	\N	\N	1	1	3	2	1
96	2024-10-31 17:00:27.450232+05	2024-10-31 18:45:07.554281+05	426OI	2024-10-31	f	string	transfer	\N	1	\N	\N	\N	1	1	3	2	1
1	2024-10-31 16:38:25.164188+05	2024-10-31 18:45:12.476703+05	123AB	2024-10-31	f	dvgsuhbjckn;dlscsad	cash	\N	1	\N	\N	\N	1	1	1	2	\N
90	2024-10-31 17:00:27.450081+05	2024-10-31 18:45:15.464424+05	130KP	2024-10-31	f	string	transfer	\N	1	\N	\N	\N	1	1	3	2	1
100	2024-10-31 17:14:04.378028+05	2024-10-31 19:30:40.461726+05	41WRQ	2024-10-31	f	asdfasdf	cash	\N	1	\N	\N	\N	1	1	3	2	1
104	2024-10-31 17:15:02.107905+05	2024-10-31 19:35:02.863544+05	50MMJ	2024-10-31	f	asdfasd	cash	\N	2	\N	\N	\N	1	1	3	2	\N
103	2024-10-31 17:15:02.107791+05	2024-10-31 19:39:27.455253+05	74SDN	2024-10-31	f	asdfasd	cash	\N	2	\N	\N	\N	1	1	3	2	\N
105	2024-10-31 20:00:11.630519+05	2024-10-31 20:00:11.630559+05	81NHO	2024-10-31	f	string	transfer	\N	1	\N	\N	\N	1	1	1	2	\N
108	2024-10-31 20:03:42.102442+05	2024-10-31 20:03:42.102491+05	89TCI	2024-10-31	f	string	transfer	\N	1	\N	\N	\N	1	1	1	2	\N
83	2024-10-31 16:59:05.825008+05	2024-11-01 09:17:18.883335+05	454UL	2024-10-31	f	string	transfer	\N	3	\N	\N	\N	1	1	3	2	\N
89	2024-10-31 16:59:05.825148+05	2024-11-01 09:17:27.856511+05	770PQ	2024-10-31	f	string	transfer	\N	3	\N	\N	\N	1	1	3	2	\N
91	2024-10-31 17:00:27.450126+05	2024-11-01 09:18:00.448796+05	286KX	2024-10-31	f	string	transfer	\N	4	\N	\N	\N	1	1	3	2	\N
\.


--
-- Data for Name: points; Type: TABLE DATA; Schema: public; Owner: aroba
--

COPY public.points (id, name, lon, lat, deleted, region_id) FROM stdin;
1	Bektemir	45.231232	45.320000	f	1
2	Family	45.231232	45.320000	f	1
3	Magic City	45.231232	45.320000	f	1
\.


--
-- Data for Name: regions; Type: TABLE DATA; Schema: public; Owner: aroba
--

COPY public.regions (id, name) FROM stdin;
1	Toshkent Shaxar
\.


--
-- Data for Name: roles; Type: TABLE DATA; Schema: public; Owner: aroba
--

COPY public.roles (id, created_at, updated_at, name) FROM stdin;
\.


--
-- Data for Name: roles_permissions; Type: TABLE DATA; Schema: public; Owner: aroba
--

COPY public.roles_permissions (id, role_id, permission_id) FROM stdin;
\.


--
-- Data for Name: users; Type: TABLE DATA; Schema: public; Owner: aroba
--

COPY public.users (id, password, last_login, is_superuser, created_at, updated_at, username, first_name, last_name, date_joined, is_staff, is_active) FROM stdin;
1	pbkdf2_sha256$600000$EEUFRfhL0SeUJiiWqgWdWN$sUkknfpCJB/nm80xApfiHTGtusds6ZRA+EiKD6VLN3A=	2024-10-31 15:01:40+05	t	2024-10-31 15:01:37.364984+05	2024-10-31 15:02:14.430111+05	a			2024-10-31 15:01:37+05	t	t
\.


--
-- Data for Name: users_groups; Type: TABLE DATA; Schema: public; Owner: aroba
--

COPY public.users_groups (id, user_id, group_id) FROM stdin;
\.


--
-- Data for Name: users_roles; Type: TABLE DATA; Schema: public; Owner: aroba
--

COPY public.users_roles (id, user_id, role_id) FROM stdin;
\.


--
-- Data for Name: users_user_permissions; Type: TABLE DATA; Schema: public; Owner: aroba
--

COPY public.users_user_permissions (id, user_id, permission_id) FROM stdin;
1	1	9
2	1	2
3	1	10
\.


--
-- Name: auth_group_id_seq; Type: SEQUENCE SET; Schema: public; Owner: aroba
--

SELECT pg_catalog.setval('public.auth_group_id_seq', 1, false);


--
-- Name: auth_group_permissions_id_seq; Type: SEQUENCE SET; Schema: public; Owner: aroba
--

SELECT pg_catalog.setval('public.auth_group_permissions_id_seq', 1, false);


--
-- Name: auth_permission_id_seq; Type: SEQUENCE SET; Schema: public; Owner: aroba
--

SELECT pg_catalog.setval('public.auth_permission_id_seq', 64, true);


--
-- Name: clients_id_seq; Type: SEQUENCE SET; Schema: public; Owner: aroba
--

SELECT pg_catalog.setval('public.clients_id_seq', 1, true);


--
-- Name: clients_route_id_seq; Type: SEQUENCE SET; Schema: public; Owner: aroba
--

SELECT pg_catalog.setval('public.clients_route_id_seq', 2, true);


--
-- Name: django_admin_log_id_seq; Type: SEQUENCE SET; Schema: public; Owner: aroba
--

SELECT pg_catalog.setval('public.django_admin_log_id_seq', 16, true);


--
-- Name: django_content_type_id_seq; Type: SEQUENCE SET; Schema: public; Owner: aroba
--

SELECT pg_catalog.setval('public.django_content_type_id_seq', 16, true);


--
-- Name: django_migrations_id_seq; Type: SEQUENCE SET; Schema: public; Owner: aroba
--

SELECT pg_catalog.setval('public.django_migrations_id_seq', 29, true);


--
-- Name: extended_content_types_id_seq; Type: SEQUENCE SET; Schema: public; Owner: aroba
--

SELECT pg_catalog.setval('public.extended_content_types_id_seq', 1, false);


--
-- Name: order_logs_id_seq; Type: SEQUENCE SET; Schema: public; Owner: aroba
--

SELECT pg_catalog.setval('public.order_logs_id_seq', 3, true);


--
-- Name: order_payments_id_seq; Type: SEQUENCE SET; Schema: public; Owner: aroba
--

SELECT pg_catalog.setval('public.order_payments_id_seq', 5, true);


--
-- Name: orders_id_seq; Type: SEQUENCE SET; Schema: public; Owner: aroba
--

SELECT pg_catalog.setval('public.orders_id_seq', 108, true);


--
-- Name: points_id_seq; Type: SEQUENCE SET; Schema: public; Owner: aroba
--

SELECT pg_catalog.setval('public.points_id_seq', 3, true);


--
-- Name: regions_id_seq; Type: SEQUENCE SET; Schema: public; Owner: aroba
--

SELECT pg_catalog.setval('public.regions_id_seq', 1, true);


--
-- Name: roles_id_seq; Type: SEQUENCE SET; Schema: public; Owner: aroba
--

SELECT pg_catalog.setval('public.roles_id_seq', 1, false);


--
-- Name: roles_permissions_id_seq; Type: SEQUENCE SET; Schema: public; Owner: aroba
--

SELECT pg_catalog.setval('public.roles_permissions_id_seq', 1, false);


--
-- Name: users_groups_id_seq; Type: SEQUENCE SET; Schema: public; Owner: aroba
--

SELECT pg_catalog.setval('public.users_groups_id_seq', 1, false);


--
-- Name: users_id_seq; Type: SEQUENCE SET; Schema: public; Owner: aroba
--

SELECT pg_catalog.setval('public.users_id_seq', 1, true);


--
-- Name: users_roles_id_seq; Type: SEQUENCE SET; Schema: public; Owner: aroba
--

SELECT pg_catalog.setval('public.users_roles_id_seq', 1, false);


--
-- Name: users_user_permissions_id_seq; Type: SEQUENCE SET; Schema: public; Owner: aroba
--

SELECT pg_catalog.setval('public.users_user_permissions_id_seq', 3, true);


--
-- Name: auth_group auth_group_name_key; Type: CONSTRAINT; Schema: public; Owner: aroba
--

ALTER TABLE ONLY public.auth_group
    ADD CONSTRAINT auth_group_name_key UNIQUE (name);


--
-- Name: auth_group_permissions auth_group_permissions_group_id_permission_id_0cd325b0_uniq; Type: CONSTRAINT; Schema: public; Owner: aroba
--

ALTER TABLE ONLY public.auth_group_permissions
    ADD CONSTRAINT auth_group_permissions_group_id_permission_id_0cd325b0_uniq UNIQUE (group_id, permission_id);


--
-- Name: auth_group_permissions auth_group_permissions_pkey; Type: CONSTRAINT; Schema: public; Owner: aroba
--

ALTER TABLE ONLY public.auth_group_permissions
    ADD CONSTRAINT auth_group_permissions_pkey PRIMARY KEY (id);


--
-- Name: auth_group auth_group_pkey; Type: CONSTRAINT; Schema: public; Owner: aroba
--

ALTER TABLE ONLY public.auth_group
    ADD CONSTRAINT auth_group_pkey PRIMARY KEY (id);


--
-- Name: auth_permission auth_permission_content_type_id_codename_01ab375a_uniq; Type: CONSTRAINT; Schema: public; Owner: aroba
--

ALTER TABLE ONLY public.auth_permission
    ADD CONSTRAINT auth_permission_content_type_id_codename_01ab375a_uniq UNIQUE (content_type_id, codename);


--
-- Name: auth_permission auth_permission_pkey; Type: CONSTRAINT; Schema: public; Owner: aroba
--

ALTER TABLE ONLY public.auth_permission
    ADD CONSTRAINT auth_permission_pkey PRIMARY KEY (id);


--
-- Name: clients clients_pkey; Type: CONSTRAINT; Schema: public; Owner: aroba
--

ALTER TABLE ONLY public.clients
    ADD CONSTRAINT clients_pkey PRIMARY KEY (id);


--
-- Name: clients_route clients_route_pkey; Type: CONSTRAINT; Schema: public; Owner: aroba
--

ALTER TABLE ONLY public.clients_route
    ADD CONSTRAINT clients_route_pkey PRIMARY KEY (id);


--
-- Name: django_admin_log django_admin_log_pkey; Type: CONSTRAINT; Schema: public; Owner: aroba
--

ALTER TABLE ONLY public.django_admin_log
    ADD CONSTRAINT django_admin_log_pkey PRIMARY KEY (id);


--
-- Name: django_content_type django_content_type_app_label_model_76bd3d3b_uniq; Type: CONSTRAINT; Schema: public; Owner: aroba
--

ALTER TABLE ONLY public.django_content_type
    ADD CONSTRAINT django_content_type_app_label_model_76bd3d3b_uniq UNIQUE (app_label, model);


--
-- Name: django_content_type django_content_type_pkey; Type: CONSTRAINT; Schema: public; Owner: aroba
--

ALTER TABLE ONLY public.django_content_type
    ADD CONSTRAINT django_content_type_pkey PRIMARY KEY (id);


--
-- Name: django_migrations django_migrations_pkey; Type: CONSTRAINT; Schema: public; Owner: aroba
--

ALTER TABLE ONLY public.django_migrations
    ADD CONSTRAINT django_migrations_pkey PRIMARY KEY (id);


--
-- Name: django_session django_session_pkey; Type: CONSTRAINT; Schema: public; Owner: aroba
--

ALTER TABLE ONLY public.django_session
    ADD CONSTRAINT django_session_pkey PRIMARY KEY (session_key);


--
-- Name: extended_content_types extended_content_types_content_type_id_key; Type: CONSTRAINT; Schema: public; Owner: aroba
--

ALTER TABLE ONLY public.extended_content_types
    ADD CONSTRAINT extended_content_types_content_type_id_key UNIQUE (content_type_id);


--
-- Name: extended_content_types extended_content_types_pkey; Type: CONSTRAINT; Schema: public; Owner: aroba
--

ALTER TABLE ONLY public.extended_content_types
    ADD CONSTRAINT extended_content_types_pkey PRIMARY KEY (id);


--
-- Name: order_logs order_logs_pkey; Type: CONSTRAINT; Schema: public; Owner: aroba
--

ALTER TABLE ONLY public.order_logs
    ADD CONSTRAINT order_logs_pkey PRIMARY KEY (id);


--
-- Name: order_payments order_payments_pkey; Type: CONSTRAINT; Schema: public; Owner: aroba
--

ALTER TABLE ONLY public.order_payments
    ADD CONSTRAINT order_payments_pkey PRIMARY KEY (id);


--
-- Name: orders orders_code_key; Type: CONSTRAINT; Schema: public; Owner: aroba
--

ALTER TABLE ONLY public.orders
    ADD CONSTRAINT orders_code_key UNIQUE (code);


--
-- Name: orders orders_pkey; Type: CONSTRAINT; Schema: public; Owner: aroba
--

ALTER TABLE ONLY public.orders
    ADD CONSTRAINT orders_pkey PRIMARY KEY (id);


--
-- Name: points points_pkey; Type: CONSTRAINT; Schema: public; Owner: aroba
--

ALTER TABLE ONLY public.points
    ADD CONSTRAINT points_pkey PRIMARY KEY (id);


--
-- Name: regions regions_pkey; Type: CONSTRAINT; Schema: public; Owner: aroba
--

ALTER TABLE ONLY public.regions
    ADD CONSTRAINT regions_pkey PRIMARY KEY (id);


--
-- Name: roles roles_name_key; Type: CONSTRAINT; Schema: public; Owner: aroba
--

ALTER TABLE ONLY public.roles
    ADD CONSTRAINT roles_name_key UNIQUE (name);


--
-- Name: roles_permissions roles_permissions_pkey; Type: CONSTRAINT; Schema: public; Owner: aroba
--

ALTER TABLE ONLY public.roles_permissions
    ADD CONSTRAINT roles_permissions_pkey PRIMARY KEY (id);


--
-- Name: roles_permissions roles_permissions_role_id_permission_id_d2305313_uniq; Type: CONSTRAINT; Schema: public; Owner: aroba
--

ALTER TABLE ONLY public.roles_permissions
    ADD CONSTRAINT roles_permissions_role_id_permission_id_d2305313_uniq UNIQUE (role_id, permission_id);


--
-- Name: roles roles_pkey; Type: CONSTRAINT; Schema: public; Owner: aroba
--

ALTER TABLE ONLY public.roles
    ADD CONSTRAINT roles_pkey PRIMARY KEY (id);


--
-- Name: clients_route unique_client_router; Type: CONSTRAINT; Schema: public; Owner: aroba
--

ALTER TABLE ONLY public.clients_route
    ADD CONSTRAINT unique_client_router UNIQUE (loading_id, unloading_id, client_id, type);


--
-- Name: order_payments unique_order_type; Type: CONSTRAINT; Schema: public; Owner: aroba
--

ALTER TABLE ONLY public.order_payments
    ADD CONSTRAINT unique_order_type UNIQUE (order_id, type);


--
-- Name: users_groups users_groups_pkey; Type: CONSTRAINT; Schema: public; Owner: aroba
--

ALTER TABLE ONLY public.users_groups
    ADD CONSTRAINT users_groups_pkey PRIMARY KEY (id);


--
-- Name: users_groups users_groups_user_id_group_id_fc7788e8_uniq; Type: CONSTRAINT; Schema: public; Owner: aroba
--

ALTER TABLE ONLY public.users_groups
    ADD CONSTRAINT users_groups_user_id_group_id_fc7788e8_uniq UNIQUE (user_id, group_id);


--
-- Name: users users_pkey; Type: CONSTRAINT; Schema: public; Owner: aroba
--

ALTER TABLE ONLY public.users
    ADD CONSTRAINT users_pkey PRIMARY KEY (id);


--
-- Name: users_roles users_roles_pkey; Type: CONSTRAINT; Schema: public; Owner: aroba
--

ALTER TABLE ONLY public.users_roles
    ADD CONSTRAINT users_roles_pkey PRIMARY KEY (id);


--
-- Name: users_roles users_roles_user_id_role_id_afea9d03_uniq; Type: CONSTRAINT; Schema: public; Owner: aroba
--

ALTER TABLE ONLY public.users_roles
    ADD CONSTRAINT users_roles_user_id_role_id_afea9d03_uniq UNIQUE (user_id, role_id);


--
-- Name: users_user_permissions users_user_permissions_pkey; Type: CONSTRAINT; Schema: public; Owner: aroba
--

ALTER TABLE ONLY public.users_user_permissions
    ADD CONSTRAINT users_user_permissions_pkey PRIMARY KEY (id);


--
-- Name: users_user_permissions users_user_permissions_user_id_permission_id_3b86cbdf_uniq; Type: CONSTRAINT; Schema: public; Owner: aroba
--

ALTER TABLE ONLY public.users_user_permissions
    ADD CONSTRAINT users_user_permissions_user_id_permission_id_3b86cbdf_uniq UNIQUE (user_id, permission_id);


--
-- Name: users users_username_key; Type: CONSTRAINT; Schema: public; Owner: aroba
--

ALTER TABLE ONLY public.users
    ADD CONSTRAINT users_username_key UNIQUE (username);


--
-- Name: auth_group_name_a6ea08ec_like; Type: INDEX; Schema: public; Owner: aroba
--

CREATE INDEX auth_group_name_a6ea08ec_like ON public.auth_group USING btree (name varchar_pattern_ops);


--
-- Name: auth_group_permissions_group_id_b120cbf9; Type: INDEX; Schema: public; Owner: aroba
--

CREATE INDEX auth_group_permissions_group_id_b120cbf9 ON public.auth_group_permissions USING btree (group_id);


--
-- Name: auth_group_permissions_permission_id_84c5c92e; Type: INDEX; Schema: public; Owner: aroba
--

CREATE INDEX auth_group_permissions_permission_id_84c5c92e ON public.auth_group_permissions USING btree (permission_id);


--
-- Name: auth_permission_content_type_id_2f476e4b; Type: INDEX; Schema: public; Owner: aroba
--

CREATE INDEX auth_permission_content_type_id_2f476e4b ON public.auth_permission USING btree (content_type_id);


--
-- Name: clients_route_client_id_e4b94e57; Type: INDEX; Schema: public; Owner: aroba
--

CREATE INDEX clients_route_client_id_e4b94e57 ON public.clients_route USING btree (client_id);


--
-- Name: clients_route_loading_id_ebfafe13; Type: INDEX; Schema: public; Owner: aroba
--

CREATE INDEX clients_route_loading_id_ebfafe13 ON public.clients_route USING btree (loading_id);


--
-- Name: clients_route_unloading_id_648693cb; Type: INDEX; Schema: public; Owner: aroba
--

CREATE INDEX clients_route_unloading_id_648693cb ON public.clients_route USING btree (unloading_id);


--
-- Name: django_admin_log_content_type_id_c4bce8eb; Type: INDEX; Schema: public; Owner: aroba
--

CREATE INDEX django_admin_log_content_type_id_c4bce8eb ON public.django_admin_log USING btree (content_type_id);


--
-- Name: django_admin_log_user_id_c564eba6; Type: INDEX; Schema: public; Owner: aroba
--

CREATE INDEX django_admin_log_user_id_c564eba6 ON public.django_admin_log USING btree (user_id);


--
-- Name: django_session_expire_date_a5c62663; Type: INDEX; Schema: public; Owner: aroba
--

CREATE INDEX django_session_expire_date_a5c62663 ON public.django_session USING btree (expire_date);


--
-- Name: django_session_session_key_c0390e0f_like; Type: INDEX; Schema: public; Owner: aroba
--

CREATE INDEX django_session_session_key_c0390e0f_like ON public.django_session USING btree (session_key varchar_pattern_ops);


--
-- Name: order_logs_order_id_2de4e13b; Type: INDEX; Schema: public; Owner: aroba
--

CREATE INDEX order_logs_order_id_2de4e13b ON public.order_logs USING btree (order_id);


--
-- Name: order_logs_user_id_ee8e24d6; Type: INDEX; Schema: public; Owner: aroba
--

CREATE INDEX order_logs_user_id_ee8e24d6 ON public.order_logs USING btree (user_id);


--
-- Name: order_payments_order_id_e4609447; Type: INDEX; Schema: public; Owner: aroba
--

CREATE INDEX order_payments_order_id_e4609447 ON public.order_payments USING btree (order_id);


--
-- Name: orders_client_id_67f0b211; Type: INDEX; Schema: public; Owner: aroba
--

CREATE INDEX orders_client_id_67f0b211 ON public.orders USING btree (client_id);


--
-- Name: orders_code_fecb6bd8_like; Type: INDEX; Schema: public; Owner: aroba
--

CREATE INDEX orders_code_fecb6bd8_like ON public.orders USING btree (code varchar_pattern_ops);


--
-- Name: orders_creator_id_d42e2fcc; Type: INDEX; Schema: public; Owner: aroba
--

CREATE INDEX orders_creator_id_d42e2fcc ON public.orders USING btree (creator_id);


--
-- Name: orders_dispatcher_id_931f114d; Type: INDEX; Schema: public; Owner: aroba
--

CREATE INDEX orders_dispatcher_id_931f114d ON public.orders USING btree (dispatcher_id);


--
-- Name: orders_loading_id_b3ca3ab9; Type: INDEX; Schema: public; Owner: aroba
--

CREATE INDEX orders_loading_id_b3ca3ab9 ON public.orders USING btree (loading_id);


--
-- Name: orders_unloading_id_5a17dd5b; Type: INDEX; Schema: public; Owner: aroba
--

CREATE INDEX orders_unloading_id_5a17dd5b ON public.orders USING btree (unloading_id);


--
-- Name: points_region_id_566795ca; Type: INDEX; Schema: public; Owner: aroba
--

CREATE INDEX points_region_id_566795ca ON public.points USING btree (region_id);


--
-- Name: roles_name_51259447_like; Type: INDEX; Schema: public; Owner: aroba
--

CREATE INDEX roles_name_51259447_like ON public.roles USING btree (name varchar_pattern_ops);


--
-- Name: roles_permissions_permission_id_1f74cd91; Type: INDEX; Schema: public; Owner: aroba
--

CREATE INDEX roles_permissions_permission_id_1f74cd91 ON public.roles_permissions USING btree (permission_id);


--
-- Name: roles_permissions_role_id_e913de52; Type: INDEX; Schema: public; Owner: aroba
--

CREATE INDEX roles_permissions_role_id_e913de52 ON public.roles_permissions USING btree (role_id);


--
-- Name: users_groups_group_id_2f3517aa; Type: INDEX; Schema: public; Owner: aroba
--

CREATE INDEX users_groups_group_id_2f3517aa ON public.users_groups USING btree (group_id);


--
-- Name: users_groups_user_id_f500bee5; Type: INDEX; Schema: public; Owner: aroba
--

CREATE INDEX users_groups_user_id_f500bee5 ON public.users_groups USING btree (user_id);


--
-- Name: users_roles_role_id_fe00bf26; Type: INDEX; Schema: public; Owner: aroba
--

CREATE INDEX users_roles_role_id_fe00bf26 ON public.users_roles USING btree (role_id);


--
-- Name: users_roles_user_id_a7500f73; Type: INDEX; Schema: public; Owner: aroba
--

CREATE INDEX users_roles_user_id_a7500f73 ON public.users_roles USING btree (user_id);


--
-- Name: users_user_permissions_permission_id_6d08dcd2; Type: INDEX; Schema: public; Owner: aroba
--

CREATE INDEX users_user_permissions_permission_id_6d08dcd2 ON public.users_user_permissions USING btree (permission_id);


--
-- Name: users_user_permissions_user_id_92473840; Type: INDEX; Schema: public; Owner: aroba
--

CREATE INDEX users_user_permissions_user_id_92473840 ON public.users_user_permissions USING btree (user_id);


--
-- Name: users_username_e8658fc8_like; Type: INDEX; Schema: public; Owner: aroba
--

CREATE INDEX users_username_e8658fc8_like ON public.users USING btree (username varchar_pattern_ops);


--
-- Name: auth_group_permissions auth_group_permissio_permission_id_84c5c92e_fk_auth_perm; Type: FK CONSTRAINT; Schema: public; Owner: aroba
--

ALTER TABLE ONLY public.auth_group_permissions
    ADD CONSTRAINT auth_group_permissio_permission_id_84c5c92e_fk_auth_perm FOREIGN KEY (permission_id) REFERENCES public.auth_permission(id) DEFERRABLE INITIALLY DEFERRED;


--
-- Name: auth_group_permissions auth_group_permissions_group_id_b120cbf9_fk_auth_group_id; Type: FK CONSTRAINT; Schema: public; Owner: aroba
--

ALTER TABLE ONLY public.auth_group_permissions
    ADD CONSTRAINT auth_group_permissions_group_id_b120cbf9_fk_auth_group_id FOREIGN KEY (group_id) REFERENCES public.auth_group(id) DEFERRABLE INITIALLY DEFERRED;


--
-- Name: auth_permission auth_permission_content_type_id_2f476e4b_fk_django_co; Type: FK CONSTRAINT; Schema: public; Owner: aroba
--

ALTER TABLE ONLY public.auth_permission
    ADD CONSTRAINT auth_permission_content_type_id_2f476e4b_fk_django_co FOREIGN KEY (content_type_id) REFERENCES public.django_content_type(id) DEFERRABLE INITIALLY DEFERRED;


--
-- Name: clients_route clients_route_client_id_e4b94e57_fk_clients_id; Type: FK CONSTRAINT; Schema: public; Owner: aroba
--

ALTER TABLE ONLY public.clients_route
    ADD CONSTRAINT clients_route_client_id_e4b94e57_fk_clients_id FOREIGN KEY (client_id) REFERENCES public.clients(id) DEFERRABLE INITIALLY DEFERRED;


--
-- Name: clients_route clients_route_loading_id_ebfafe13_fk_points_id; Type: FK CONSTRAINT; Schema: public; Owner: aroba
--

ALTER TABLE ONLY public.clients_route
    ADD CONSTRAINT clients_route_loading_id_ebfafe13_fk_points_id FOREIGN KEY (loading_id) REFERENCES public.points(id) DEFERRABLE INITIALLY DEFERRED;


--
-- Name: clients_route clients_route_unloading_id_648693cb_fk_points_id; Type: FK CONSTRAINT; Schema: public; Owner: aroba
--

ALTER TABLE ONLY public.clients_route
    ADD CONSTRAINT clients_route_unloading_id_648693cb_fk_points_id FOREIGN KEY (unloading_id) REFERENCES public.points(id) DEFERRABLE INITIALLY DEFERRED;


--
-- Name: django_admin_log django_admin_log_content_type_id_c4bce8eb_fk_django_co; Type: FK CONSTRAINT; Schema: public; Owner: aroba
--

ALTER TABLE ONLY public.django_admin_log
    ADD CONSTRAINT django_admin_log_content_type_id_c4bce8eb_fk_django_co FOREIGN KEY (content_type_id) REFERENCES public.django_content_type(id) DEFERRABLE INITIALLY DEFERRED;


--
-- Name: django_admin_log django_admin_log_user_id_c564eba6_fk_users_id; Type: FK CONSTRAINT; Schema: public; Owner: aroba
--

ALTER TABLE ONLY public.django_admin_log
    ADD CONSTRAINT django_admin_log_user_id_c564eba6_fk_users_id FOREIGN KEY (user_id) REFERENCES public.users(id) DEFERRABLE INITIALLY DEFERRED;


--
-- Name: extended_content_types extended_content_typ_content_type_id_4349e3da_fk_django_co; Type: FK CONSTRAINT; Schema: public; Owner: aroba
--

ALTER TABLE ONLY public.extended_content_types
    ADD CONSTRAINT extended_content_typ_content_type_id_4349e3da_fk_django_co FOREIGN KEY (content_type_id) REFERENCES public.django_content_type(id) DEFERRABLE INITIALLY DEFERRED;


--
-- Name: order_logs order_logs_order_id_2de4e13b_fk_orders_id; Type: FK CONSTRAINT; Schema: public; Owner: aroba
--

ALTER TABLE ONLY public.order_logs
    ADD CONSTRAINT order_logs_order_id_2de4e13b_fk_orders_id FOREIGN KEY (order_id) REFERENCES public.orders(id) DEFERRABLE INITIALLY DEFERRED;


--
-- Name: order_logs order_logs_user_id_ee8e24d6_fk_users_id; Type: FK CONSTRAINT; Schema: public; Owner: aroba
--

ALTER TABLE ONLY public.order_logs
    ADD CONSTRAINT order_logs_user_id_ee8e24d6_fk_users_id FOREIGN KEY (user_id) REFERENCES public.users(id) DEFERRABLE INITIALLY DEFERRED;


--
-- Name: order_payments order_payments_order_id_e4609447_fk_orders_id; Type: FK CONSTRAINT; Schema: public; Owner: aroba
--

ALTER TABLE ONLY public.order_payments
    ADD CONSTRAINT order_payments_order_id_e4609447_fk_orders_id FOREIGN KEY (order_id) REFERENCES public.orders(id) DEFERRABLE INITIALLY DEFERRED;


--
-- Name: orders orders_client_id_67f0b211_fk_clients_id; Type: FK CONSTRAINT; Schema: public; Owner: aroba
--

ALTER TABLE ONLY public.orders
    ADD CONSTRAINT orders_client_id_67f0b211_fk_clients_id FOREIGN KEY (client_id) REFERENCES public.clients(id) DEFERRABLE INITIALLY DEFERRED;


--
-- Name: orders orders_creator_id_d42e2fcc_fk_users_id; Type: FK CONSTRAINT; Schema: public; Owner: aroba
--

ALTER TABLE ONLY public.orders
    ADD CONSTRAINT orders_creator_id_d42e2fcc_fk_users_id FOREIGN KEY (creator_id) REFERENCES public.users(id) DEFERRABLE INITIALLY DEFERRED;


--
-- Name: orders orders_dispatcher_id_931f114d_fk_users_id; Type: FK CONSTRAINT; Schema: public; Owner: aroba
--

ALTER TABLE ONLY public.orders
    ADD CONSTRAINT orders_dispatcher_id_931f114d_fk_users_id FOREIGN KEY (dispatcher_id) REFERENCES public.users(id) DEFERRABLE INITIALLY DEFERRED;


--
-- Name: orders orders_loading_id_b3ca3ab9_fk_points_id; Type: FK CONSTRAINT; Schema: public; Owner: aroba
--

ALTER TABLE ONLY public.orders
    ADD CONSTRAINT orders_loading_id_b3ca3ab9_fk_points_id FOREIGN KEY (loading_id) REFERENCES public.points(id) DEFERRABLE INITIALLY DEFERRED;


--
-- Name: orders orders_unloading_id_5a17dd5b_fk_points_id; Type: FK CONSTRAINT; Schema: public; Owner: aroba
--

ALTER TABLE ONLY public.orders
    ADD CONSTRAINT orders_unloading_id_5a17dd5b_fk_points_id FOREIGN KEY (unloading_id) REFERENCES public.points(id) DEFERRABLE INITIALLY DEFERRED;


--
-- Name: points points_region_id_566795ca_fk_regions_id; Type: FK CONSTRAINT; Schema: public; Owner: aroba
--

ALTER TABLE ONLY public.points
    ADD CONSTRAINT points_region_id_566795ca_fk_regions_id FOREIGN KEY (region_id) REFERENCES public.regions(id) DEFERRABLE INITIALLY DEFERRED;


--
-- Name: roles_permissions roles_permissions_permission_id_1f74cd91_fk_auth_permission_id; Type: FK CONSTRAINT; Schema: public; Owner: aroba
--

ALTER TABLE ONLY public.roles_permissions
    ADD CONSTRAINT roles_permissions_permission_id_1f74cd91_fk_auth_permission_id FOREIGN KEY (permission_id) REFERENCES public.auth_permission(id) DEFERRABLE INITIALLY DEFERRED;


--
-- Name: roles_permissions roles_permissions_role_id_e913de52_fk_roles_id; Type: FK CONSTRAINT; Schema: public; Owner: aroba
--

ALTER TABLE ONLY public.roles_permissions
    ADD CONSTRAINT roles_permissions_role_id_e913de52_fk_roles_id FOREIGN KEY (role_id) REFERENCES public.roles(id) DEFERRABLE INITIALLY DEFERRED;


--
-- Name: users_groups users_groups_group_id_2f3517aa_fk_auth_group_id; Type: FK CONSTRAINT; Schema: public; Owner: aroba
--

ALTER TABLE ONLY public.users_groups
    ADD CONSTRAINT users_groups_group_id_2f3517aa_fk_auth_group_id FOREIGN KEY (group_id) REFERENCES public.auth_group(id) DEFERRABLE INITIALLY DEFERRED;


--
-- Name: users_groups users_groups_user_id_f500bee5_fk_users_id; Type: FK CONSTRAINT; Schema: public; Owner: aroba
--

ALTER TABLE ONLY public.users_groups
    ADD CONSTRAINT users_groups_user_id_f500bee5_fk_users_id FOREIGN KEY (user_id) REFERENCES public.users(id) DEFERRABLE INITIALLY DEFERRED;


--
-- Name: users_roles users_roles_role_id_fe00bf26_fk_roles_id; Type: FK CONSTRAINT; Schema: public; Owner: aroba
--

ALTER TABLE ONLY public.users_roles
    ADD CONSTRAINT users_roles_role_id_fe00bf26_fk_roles_id FOREIGN KEY (role_id) REFERENCES public.roles(id) DEFERRABLE INITIALLY DEFERRED;


--
-- Name: users_roles users_roles_user_id_a7500f73_fk_users_id; Type: FK CONSTRAINT; Schema: public; Owner: aroba
--

ALTER TABLE ONLY public.users_roles
    ADD CONSTRAINT users_roles_user_id_a7500f73_fk_users_id FOREIGN KEY (user_id) REFERENCES public.users(id) DEFERRABLE INITIALLY DEFERRED;


--
-- Name: users_user_permissions users_user_permissio_permission_id_6d08dcd2_fk_auth_perm; Type: FK CONSTRAINT; Schema: public; Owner: aroba
--

ALTER TABLE ONLY public.users_user_permissions
    ADD CONSTRAINT users_user_permissio_permission_id_6d08dcd2_fk_auth_perm FOREIGN KEY (permission_id) REFERENCES public.auth_permission(id) DEFERRABLE INITIALLY DEFERRED;


--
-- Name: users_user_permissions users_user_permissions_user_id_92473840_fk_users_id; Type: FK CONSTRAINT; Schema: public; Owner: aroba
--

ALTER TABLE ONLY public.users_user_permissions
    ADD CONSTRAINT users_user_permissions_user_id_92473840_fk_users_id FOREIGN KEY (user_id) REFERENCES public.users(id) DEFERRABLE INITIALLY DEFERRED;


--
-- PostgreSQL database dump complete
--

