Survived,Pclass,Name,Sex,Age,SibSp,Parch,Ticket,Fare,Cabin,Embarked
0,1,Passenger 0,female,41.0250687364998,5,2,TKT0000,241.78546678723936,,Q
1,2,Passenger 1,male,11.262577437986627,3,5,TKT0001,251.33520275046735,C1,C
1,3,Passenger 2,male,4.474465503357756,4,1,TKT0002,77.19976476826237,C2,C
0,2,Passenger 3,male,20.090318406475763,3,0,TKT0003,492.32421713894576,C3,C
0,2,Passenger 4,male,60.4101788494773,1,0,TKT0004,439.0258994728445,C4,S
0,3,Passenger 5,female,3.4701987234593927,0,1,TKT0005,412.5354599846815,C5,C
1,1,Passenger 6,male,56.1901408495442,5,2,TKT0006,227.62525076561707,,S
0,3,Passenger 7,male,8.309867699478955,5,3,TKT0007,270.1314182013925,,S
0,2,Passenger 8,male,73.41962343920908,5,4,TKT0008,253.13394300177654,,C
0,3,Passenger 9,female,75.46174255549539,3,0,TKT0009,42.87484870249146,,C
1,1,Passenger 10,female,41.17207290582696,1,0,TKT0010,369.37132849928696,,S
0,3,Passenger 11,female,66.34653349573688,4,0,TKT0011,238.02230902609404,C11,Q
1,3,Passenger 12,female,59.070636347951826,1,5,TKT0012,60.08222369518552,C12,Q
1,2,Passenger 13,male,62.117910430736636,5,5,TKT0013,484.34093874613876,,S
1,3,Passenger 14,male,57.59839954359692,5,0,TKT0014,114.84515015592103,C14,Q
0,2,Passenger 15,female,61.44734109610218,2,5,TKT0015,231.7680759163114,C15,S
1,2,Passenger 16,female,32.17426585822993,4,1,TKT0016,110.29728954822689,C16,Q
1,1,Passenger 17,female,71.77540619527414,3,5,TKT0017,164.2000985488733,C17,S
1,1,Passenger 18,male,71.78832437627858,2,2,TKT0018,246.7325654041748,,S
0,2,Passenger 19,male,36.16510401591002,1,0,TKT0019,212.38306798489248,C19,C
1,3,Passenger 20,male,31.223057899146248,5,3,TKT0020,241.30266734670022,C20,Q
0,2,Passenger 21,female,11.18894094101036,1,0,TKT0021,450.9115869843196,C21,S
1,1,Passenger 22,female,62.20706849796937,0,4,TKT0022,343.89916630503484,C22,C
1,2,Passenger 23,male,25.425920020945476,2,5,TKT0023,372.4501314881965,C23,C
1,1,Passenger 24,female,37.86499638303128,5,2,TKT0024,310.4021120808335,,Q
1,3,Passenger 25,male,13.030401044473184,4,1,TKT0025,61.70296702828233,C25,S
0,2,Passenger 26,male,18.87021993931104,3,0,TKT0026,360.75956967124705,C26,S
1,2,Passenger 27,female,25.346106099961315,3,1,TKT0027,423.4391630311891,C27,S
0,1,Passenger 28,female,40.98323091811159,5,2,TKT0028,90.18365858889422,C28,C
0,1,Passenger 29,female,17.825808112351083,5,2,TKT0029,376.28717986572866,C29,C
1,3,Passenger 30,female,37.91147933158398,3,3,TKT0030,151.10133004568655,C30,Q
0,3,Passenger 31,male,72.22911191200937,1,4,TKT0031,64.77182367767168,C31,S
0,3,Passenger 32,female,47.32860771115272,2,2,TKT0032,125.69807281297004,,Q
0,3,Passenger 33,male,53.31508248533442,1,0,TKT0033,276.24963297539875,C33,C
0,1,Passenger 34,female,64.52116962094823,5,3,TKT0034,326.05154760884653,C34,S
0,1,Passenger 35,male,9.867372049125615,4,5,TKT0035,85.56309283247468,C35,S
1,1,Passenger 36,male,55.37621133447706,1,2,TKT0036,327.2989838309321,,Q
0,1,Passenger 37,male,25.309233489011756,0,5,TKT0037,145.40041988251292,C37,Q
1,1,Passenger 38,female,34.84575649744386,1,2,TKT0038,367.06042780688364,C38,Q
1,3,Passenger 39,female,18.26702932806263,4,4,TKT0039,183.21884254216604,,S
0,2,Passenger 40,male,2.1486175849446156,3,0,TKT0040,18.17259241057708,C40,C
1,1,Passenger 41,female,27.372301246823334,5,5,TKT0041,118.27125165901553,,S
1,3,Passenger 42,female,32.396090003776465,0,5,TKT0042,55.10511171854447,C42,S
0,2,Passenger 43,female,75.43525559425477,5,5,TKT0043,242.79892152056362,C43,S
0,2,Passenger 44,female,37.90798787367298,1,1,TKT0044,454.6647486320918,C44,Q
1,1,Passenger 45,male,11.053330771307053,5,4,TKT0045,139.44433195941212,C45,S
1,1,Passenger 46,female,33.28229421668424,0,4,TKT0046,193.55053322463044,C46,S
1,3,Passenger 47,male,28.254015881929543,3,2,TKT0047,82.35555514433126,C47,Q
0,1,Passenger 48,male,37.92922838193373,3,3,TKT0048,129.1536093686514,,Q
1,2,Passenger 49,female,38.910366720244,4,1,TKT0049,174.36439191712793,,C
1,2,Passenger 50,male,5.206461685137899,3,4,TKT0050,270.470524716977,,S
0,1,Passenger 51,male,67.48202995189816,2,5,TKT0051,473.3613694075547,C51,C
0,3,Passenger 52,female,3.6795083824582044,5,3,TKT0052,178.96955477346782,,S
1,3,Passenger 53,female,19.973208853994866,3,3,TKT0053,323.3346178041189,C53,S
1,2,Passenger 54,female,3.5759373497973286,1,1,TKT0054,80.61810161240315,,S
1,1,Passenger 55,male,63.35217309743627,5,1,TKT0055,52.933293077272054,C55,Q
0,2,Passenger 56,male,21.876646393492443,2,1,TKT0056,282.52151596038493,C56,Q
0,1,Passenger 57,male,18.765602204558608,0,0,TKT0057,461.32378784071716,,C
0,2,Passenger 58,female,68.70881379055933,4,4,TKT0058,174.4730840272604,C58,Q
1,3,Passenger 59,male,24.368053963373946,0,3,TKT0059,12.375744921205579,,C
0,2,Passenger 60,female,49.51777797589115,2,1,TKT0060,259.8394894737994,C60,S
0,2,Passenger 61,female,51.10521808931727,0,1,TKT0061,234.27302581430425,C61,C
0,1,Passenger 62,female,53.97526524339996,4,4,TKT0062,109.09077489438393,C62,S
1,2,Passenger 63,female,50.72563699990626,3,2,TKT0063,498.1762752723499,,S
0,1,Passenger 64,male,72.94966900794066,0,2,TKT0064,108.81261308636938,C64,S
1,3,Passenger 65,male,20.374466362637374,4,3,TKT0065,239.93230093299078,C65,C
0,2,Passenger 66,male,3.4206025437005083,2,4,TKT0066,194.45347491008263,C66,S
0,1,Passenger 67,female,78.876485279945,1,5,TKT0067,184.58712755741502,C67,C
1,3,Passenger 68,female,53.90058457853003,4,3,TKT0068,247.611887005243,,C
0,3,Passenger 69,female,19.217774535726466,3,2,TKT0069,35.99709399983797,C69,Q
1,2,Passenger 70,female,41.15066901446178,0,4,TKT0070,69.50048197086196,,C
0,3,Passenger 71,male,16.087136253781487,5,0,TKT0071,202.63041104773424,C71,S
0,1,Passenger 72,female,32.25493650558775,2,3,TKT0072,443.58524689362025,,Q
1,2,Passenger 73,female,74.0586558100563,0,0,TKT0073,192.23003503343293,C73,S
0,2,Passenger 74,male,19.118569382773128,0,4,TKT0074,41.47617881850267,C74,Q
0,2,Passenger 75,male,34.06352149428051,4,4,TKT0075,220.19701455167862,C75,C
1,3,Passenger 76,female,53.200698126334196,4,3,TKT0076,354.52461379020366,,C
1,3,Passenger 77,female,26.5188850887257,1,0,TKT0077,57.77399258082614,C77,C
1,1,Passenger 78,female,2.6172810032315827,1,0,TKT0078,108.64285544511657,C78,S
1,1,Passenger 79,male,45.3610637168366,2,3,TKT0079,268.194320709649,C79,S
1,2,Passenger 80,female,37.202080436615724,4,0,TKT0080,262.9600361759599,,Q
0,3,Passenger 81,female,42.680573310726594,4,4,TKT0081,169.27544211184693,C81,Q
0,1,Passenger 82,male,12.289327419227039,2,1,TKT0082,436.60299411523215,,C
1,2,Passenger 83,female,17.978011388074325,2,0,TKT0083,153.57259485568466,,C
1,1,Passenger 84,male,40.55488624435569,2,4,TKT0084,438.7989284171954,,C
0,2,Passenger 85,female,19.113399310604933,5,0,TKT0085,375.9111143431258,C85,C
0,1,Passenger 86,male,11.249977797708498,1,5,TKT0086,306.0048902535483,C86,S
0,1,Passenger 87,female,65.12633441983505,3,4,TKT0087,287.855898025624,,Q
1,2,Passenger 88,female,21.208848970105286,2,1,TKT0088,427.99523013672507,C88,S
0,2,Passenger 89,female,16.613149544822416,3,1,TKT0089,209.27880989904293,,C
1,2,Passenger 90,female,38.354075014498214,0,1,TKT0090,84.14430122984771,C90,Q
1,2,Passenger 91,male,37.232156608488474,4,5,TKT0091,40.911539435011235,,S
0,3,Passenger 92,male,61.20638267775869,1,2,TKT0092,40.18594877124245,,C
0,2,Passenger 93,male,5.9619336408454915,2,1,TKT0093,111.67376913823782,C93,Q
0,2,Passenger 94,male,1.7976296677568273,3,1,TKT0094,12.679861926742541,C94,S
0,2,Passenger 95,male,73.85029444518501,0,0,TKT0095,163.1923476295639,C95,S
0,1,Passenger 96,male,2.9315719965233846,2,2,TKT0096,152.25974894678632,,C
1,1,Passenger 97,male,59.18818257731265,4,0,TKT0097,342.90993617183267,,Q
0,3,Passenger 98,female,30.769609348051862,4,1,TKT0098,306.3241215831318,,C
0,1,Passenger 99,female,13.125460458088991,0,2,TKT0099,91.04136314273134,C99,C
0,3,Passenger 100,female,68.39811098964955,0,4,TKT0100,127.01299253285931,,S
0,1,Passenger 101,male,1.0433135097992257,0,0,TKT0101,152.98736567944206,C101,Q
1,3,Passenger 102,male,47.42739164077011,5,5,TKT0102,266.557828691477,,S
0,2,Passenger 103,male,71.07502103871842,5,4,TKT0103,389.40464018464957,C103,S
1,3,Passenger 104,female,18.561521941125935,1,0,TKT0104,343.0916000293673,C104,C
0,1,Passenger 105,female,64.72876628793176,2,5,TKT0105,223.54347477457446,C105,S
0,1,Passenger 106,male,74.65388704624445,2,1,TKT0106,373.2182272049808,C106,C
1,2,Passenger 107,male,18.500380729664297,5,5,TKT0107,434.93238191492935,,Q
0,2,Passenger 108,female,54.98304498063433,1,1,TKT0108,235.49385507846011,C108,Q
0,1,Passenger 109,male,51.68756986829131,4,2,TKT0109,279.04707621118325,,Q
0,1,Passenger 110,male,37.729325053990465,4,3,TKT0110,102.3998051569877,C110,S
0,1,Passenger 111,female,7.290068660240542,2,0,TKT0111,435.5087903485353,C111,C
0,2,Passenger 112,male,11.106593162215573,4,4,TKT0112,479.5221979763107,C112,Q
0,1,Passenger 113,male,3.4343590890212052,2,0,TKT0113,182.49240535986627,C113,Q
1,3,Passenger 114,male,59.6055175353385,4,4,TKT0114,148.58291058943266,,Q
0,1,Passenger 115,male,60.298061706744384,4,1,TKT0115,60.49680894043215,,S
1,1,Passenger 116,male,1.3119186098416358,2,0,TKT0116,175.0235218970239,C116,S
1,3,Passenger 117,male,7.453562537893623,4,2,TKT0117,389.67241920623377,C117,C
1,1,Passenger 118,male,71.50131607020883,0,4,TKT0118,462.890708342316,C118,Q
0,2,Passenger 119,female,54.31874295609315,1,1,TKT0119,483.987095000086,C119,S
0,3,Passenger 120,female,48.89788966240531,3,1,TKT0120,49.173667921641375,C120,S
0,1,Passenger 121,female,49.98451736292388,5,0,TKT0121,491.80908968340896,,Q
1,2,Passenger 122,male,41.58627099968316,5,3,TKT0122,287.9766498129144,C122,S
1,2,Passenger 123,female,49.90686974324905,5,5,TKT0123,107.43945246304273,C123,Q
1,2,Passenger 124,male,43.36478532571899,2,1,TKT0124,495.037141706055,,C
0,3,Passenger 125,male,78.97679849984716,3,1,TKT0125,253.7833261470587,,Q
0,3,Passenger 126,male,52.77205916041967,1,3,TKT0126,64.36318913249387,,Q
0,2,Passenger 127,female,54.514195518741495,3,1,TKT0127,487.4373090912972,C127,S
1,1,Passenger 128,male,43.38786979193019,3,5,TKT0128,45.219223233727625,,C
1,2,Passenger 129,female,70.86024223260321,5,3,TKT0129,324.3643401177102,C129,Q
1,2,Passenger 130,female,48.568254433961265,4,2,TKT0130,462.81079884602514,C130,S
0,2,Passenger 131,male,35.71398823265992,2,5,TKT0131,498.4911134627574,,S
1,3,Passenger 132,female,70.6022815875919,3,5,TKT0132,492.0601343205171,C132,S
1,3,Passenger 133,male,56.38698421236905,3,5,TKT0133,317.8493949319445,C133,C
0,3,Passenger 134,male,74.21128032915256,2,0,TKT0134,122.67332573297347,C134,Q
0,3,Passenger 135,male,62.499359125344355,1,4,TKT0135,72.38936614785838,,C
1,2,Passenger 136,male,68.55926942326163,0,2,TKT0136,385.3489181893786,C136,S
0,3,Passenger 137,female,59.31012637802349,2,4,TKT0137,470.5802609741804,C137,Q
1,2,Passenger 138,male,15.871565048346305,2,1,TKT0138,423.73706370744264,,S
0,3,Passenger 139,female,48.78623266248506,1,2,TKT0139,314.1751651031991,C139,Q
0,2,Passenger 140,male,31.847703712224043,3,4,TKT0140,157.1318090806512,C140,C
0,2,Passenger 141,female,50.41083527355191,0,2,TKT0141,286.23185279999956,C141,Q
0,1,Passenger 142,female,13.492939483715155,0,3,TKT0142,390.92775576185596,C142,C
0,3,Passenger 143,female,70.33177597308777,0,5,TKT0143,340.6915389604416,C143,S
1,2,Passenger 144,male,38.297895510135014,3,0,TKT0144,495.33088149919587,C144,Q
1,3,Passenger 145,male,36.680954561024805,1,5,TKT0145,131.35019021626186,C145,C
1,3,Passenger 146,female,63.543871066713905,5,0,TKT0146,115.29857789470142,C146,Q
0,2,Passenger 147,female,49.4342973597427,0,2,TKT0147,28.51125110813734,C147,Q
0,2,Passenger 148,female,9.548864244406172,3,5,TKT0148,253.51847916275722,C148,C
1,2,Passenger 149,female,69.15848242570233,1,4,TKT0149,388.90728390217845,C149,Q
1,1,Passenger 150,female,27.516477026828603,0,4,TKT0150,359.49995838360775,,Q
1,2,Passenger 151,male,48.37818914003301,5,4,TKT0151,417.76523504576926,C151,Q
1,3,Passenger 152,female,7.143337174635332,5,4,TKT0152,427.6045861768317,C152,C
1,1,Passenger 153,male,79.44863522822843,2,5,TKT0153,463.3652782545585,,Q
0,2,Passenger 154,female,69.2278067838529,5,2,TKT0154,198.7886949035723,C154,S
0,1,Passenger 155,male,37.65173276675799,1,0,TKT0155,499.9198781064722,C155,S
1,1,Passenger 156,male,28.20732806028797,3,1,TKT0156,207.19958198440065,,S
0,3,Passenger 157,female,3.422041576371431,2,3,TKT0157,38.553809358819755,C157,C
0,2,Passenger 158,female,72.29629907722163,1,5,TKT0158,91.12227493575132,C158,S
0,3,Passenger 159,male,49.693105263602625,5,2,TKT0159,240.10534674209268,C159,S
1,3,Passenger 160,female,14.13811127698318,2,0,TKT0160,352.12708226521465,,C
0,2,Passenger 161,female,68.38189891700388,5,1,TKT0161,123.64805209753874,C161,Q
1,3,Passenger 162,female,12.826789898157404,5,0,TKT0162,371.3689413166263,C162,Q
1,3,Passenger 163,female,54.1006331414181,5,1,TKT0163,396.4320839303856,C163,C
1,2,Passenger 164,female,6.306900662269336,4,3,TKT0164,62.01083455893742,,S
0,1,Passenger 165,female,41.5686312624924,3,5,TKT0165,329.47406235680666,C165,S
1,3,Passenger 166,female,30.080591310481864,0,3,TKT0166,194.00498566817137,C166,C
0,1,Passenger 167,female,49.065460152842036,1,5,TKT0167,338.9899141385545,,S
1,2,Passenger 168,male,18.770667625168745,2,1,TKT0168,66.06106205279588,C168,Q
0,3,Passenger 169,female,46.64837506549889,2,2,TKT0169,205.94361976565182,,S
1,1,Passenger 170,female,29.916246796885403,5,2,TKT0170,222.63122416209936,,S
0,1,Passenger 171,female,21.919551931741996,0,2,TKT0171,43.50416654437517,C171,Q
1,1,Passenger 172,female,9.423692501235442,5,4,TKT0172,427.41949782876,C172,C
0,1,Passenger 173,female,57.015344549245775,3,5,TKT0173,112.60531248129911,,Q
1,1,Passenger 174,male,79.77331667900741,5,2,TKT0174,449.41891241311663,C174,Q
0,1,Passenger 175,female,62.28496661012742,5,0,TKT0175,13.025097998231535,C175,S
0,3,Passenger 176,female,36.735720074226535,2,5,TKT0176,55.83905098843228,C176,S
0,2,Passenger 177,male,49.450745160207866,2,4,TKT0177,357.8078006426747,C177,Q
1,3,Passenger 178,female,22.448015229291457,5,0,TKT0178,237.6850494056133,C178,C
1,3,Passenger 179,male,74.49606973863756,5,0,TKT0179,374.36036153280145,C179,Q
1,3,Passenger 180,female,46.20579206346257,1,4,TKT0180,483.79026510240243,C180,S
0,3,Passenger 181,male,60.726017056281435,1,0,TKT0181,303.236349175631,C181,S
0,2,Passenger 182,female,56.54827768860102,5,2,TKT0182,225.69198051774978,,C
0,3,Passenger 183,male,38.84756551264529,3,2,TKT0183,376.6933810211516,C183,Q
0,1,Passenger 184,male,58.01191241743469,4,2,TKT0184,377.584347591763,,S
0,3,Passenger 185,female,16.296869822135974,0,1,TKT0185,143.76990543054455,,C
1,3,Passenger 186,female,56.93477284378107,2,0,TKT0186,343.08808587162713,C186,C
1,3,Passenger 187,male,12.12241995129099,0,5,TKT0187,268.5132368929948,C187,Q
1,3,Passenger 188,female,74.34542775908776,3,2,TKT0188,391.5924289006149,,S
0,2,Passenger 189,female,1.0239572381947526,4,5,TKT0189,118.39255797412783,C189,S
1,2,Passenger 190,male,71.07372693769376,5,5,TKT0190,151.2461975961629,C190,Q
0,3,Passenger 191,female,17.03953197756932,4,0,TKT0191,224.675121161647,C191,Q
0,1,Passenger 192,male,5.864649913558366,4,3,TKT0192,194.34410945413808,C192,C
1,1,Passenger 193,male,56.979670916764334,2,1,TKT0193,139.80771973685472,C193,C
1,3,Passenger 194,female,7.767519849439799,4,3,TKT0194,83.02057729346909,,Q
0,1,Passenger 195,male,46.729690775469905,0,5,TKT0195,499.92603366516545,C195,S
0,3,Passenger 196,female,58.287466889804044,3,3,TKT0196,485.07640953110285,,S
1,2,Passenger 197,male,2.580172762866841,3,3,TKT0197,160.52553649935268,C197,C
0,2,Passenger 198,male,53.91916753705522,2,2,TKT0198,197.0895748003207,C198,Q
1,1,Passenger 199,male,67.02835689161165,5,3,TKT0199,142.9988722735966,,Q
1,1,Passenger 200,female,3.664751521435308,0,0,TKT0200,408.6252227851293,,Q
0,1,Passenger 201,female,52.50135155016194,5,0,TKT0201,496.020827635045,,S
0,2,Passenger 202,male,68.62033424050603,3,5,TKT0202,463.748512446707,C202,S
1,1,Passenger 203,female,42.821090997800034,3,1,TKT0203,432.4638704738331,C203,Q
1,2,Passenger 204,male,75.37519663311897,5,1,TKT0204,423.4701767074288,,C
1,3,Passenger 205,female,58.759610063902834,3,5,TKT0205,389.71671654671786,C205,Q
0,3,Passenger 206,female,58.19638172522954,4,5,TKT0206,158.02805952864495,,S
1,2,Passenger 207,female,58.05714528146809,1,2,TKT0207,97.23107166579352,C207,Q
0,3,Passenger 208,male,4.830266667014614,4,2,TKT0208,183.02565537461467,C208,C
1,2,Passenger 209,female,23.579830662810053,1,4,TKT0209,167.53195145544956,C209,S
0,3,Passenger 210,male,76.87696894713832,3,0,TKT0210,174.52990922554827,C210,Q
1,1,Passenger 211,female,33.198789413807965,2,2,TKT0211,328.72714066514555,C211,S
1,1,Passenger 212,female,32.316832936832135,3,3,TKT0212,319.5025021421571,C212,Q
1,3,Passenger 213,male,79.71380322746249,3,5,TKT0213,208.96489953427877,C213,Q
0,1,Passenger 214,male,23.76936896777543,5,4,TKT0214,420.1954103556526,C214,S
0,2,Passenger 215,male,55.745098960935245,2,3,TKT0215,146.72492225196822,,C
0,2,Passenger 216,male,53.32048850915211,0,3,TKT0216,323.2385058053671,C216,Q
1,3,Passenger 217,female,5.314595463265086,2,2,TKT0217,422.4777772028045,,Q
0,2,Passenger 218,male,39.756312562509805,1,0,TKT0218,30.890415107444863,,S
1,2,Passenger 219,male,16.9519706087734,4,4,TKT0219,127.10704782626024,C219,C
0,2,Passenger 220,female,14.4886085472444,5,5,TKT0220,57.08757871089093,C220,C
1,1,Passenger 221,male,2.7114822165891472,0,3,TKT0221,491.59929265567706,C221,C
0,2,Passenger 222,male,19.131363307769718,3,0,TKT0222,269.5136212646258,C222,C
1,2,Passenger 223,male,68.74694252464478,4,3,TKT0223,468.2354131386249,C223,Q
1,2,Passenger 224,female,6.326266215428721,2,3,TKT0224,477.9535633483356,C224,S
1,3,Passenger 225,male,69.12612620016985,1,3,TKT0225,450.18895781495064,C225,Q
1,2,Passenger 226,male,47.88276667515521,5,3,TKT0226,471.9568302047591,C226,S
0,3,Passenger 227,male,74.59722243236088,4,4,TKT0227,353.1923126331299,C227,S
1,1,Passenger 228,male,43.11243809283779,5,4,TKT0228,413.7015826191303,,Q
1,1,Passenger 229,male,42.7540329010645,1,4,TKT0229,8.306008613166,C229,C
1,1,Passenger 230,female,57.91800790616699,4,2,TKT0230,140.12326223308924,C230,Q
0,3,Passenger 231,male,8.199750755530307,1,1,TKT0231,61.545170288878396,,S
1,2,Passenger 232,male,32.29834581417818,1,2,TKT0232,139.6265605665921,C232,C
1,1,Passenger 233,female,24.8532008312693,5,4,TKT0233,57.08505300280611,,C
1,3,Passenger 234,male,41.2336751213234,4,1,TKT0234,391.75094992013226,C234,C
0,2,Passenger 235,male,58.89446030138941,2,3,TKT0235,413.84715541427704,C235,S
1,2,Passenger 236,female,12.481755548965525,4,0,TKT0236,12.773636097097434,C236,Q
1,3,Passenger 237,male,22.32715318474619,2,3,TKT0237,423.4616316513102,,S
1,3,Passenger 238,male,21.653215504274566,5,1,TKT0238,216.6399382987007,,Q
1,3,Passenger 239,male,2.1458313288361417,2,4,TKT0239,487.3882291535768,C239,Q
0,3,Passenger 240,female,79.9473892524339,4,5,TKT0240,231.4090912016407,C240,S
1,2,Passenger 241,male,72.17805401986975,4,4,TKT0241,412.620592384905,C241,S
0,1,Passenger 242,female,17.340528125898274,0,1,TKT0242,408.23364940099214,C242,C
0,3,Passenger 243,male,34.086378160383404,1,1,TKT0243,413.24188866934946,C243,C
0,2,Passenger 244,female,3.0544341914030944,3,3,TKT0244,247.0598443216241,C244,C
0,1,Passenger 245,male,69.46458021904319,2,3,TKT0245,44.08772950189991,C245,C
0,2,Passenger 246,female,31.52843437788378,2,0,TKT0246,78.33559876407095,,Q
1,1,Passenger 247,male,28.794435445183623,5,5,TKT0247,348.52894618540194,C247,S
1,3,Passenger 248,male,15.378806627737015,0,3,TKT0248,465.2236181999068,,C
0,1,Passenger 249,male,24.468701377610657,4,2,TKT0249,312.3822809953497,C249,C
1,2,Passenger 250,male,25.451675398575578,2,5,TKT0250,166.50595153198336,C250,S
1,3,Passenger 251,female,11.946926518679742,0,2,TKT0251,117.44926368889199,,Q
1,1,Passenger 252,male,38.13210840058513,3,1,TKT0252,408.8866987302321,C252,S
0,1,Passenger 253,female,49.157652235262255,2,0,TKT0253,238.81384682362668,C253,C
0,1,Passenger 254,male,25.88837090939412,1,0,TKT0254,34.94315336207866,,Q
0,1,Passenger 255,male,57.53418247868833,5,5,TKT0255,25.252846700465597,,C
0,2,Passenger 256,female,40.6608800203581,0,1,TKT0256,149.57837397730643,C256,S
1,3,Passenger 257,male,72.37991010344213,3,0,TKT0257,468.2898504391622,C257,C
0,1,Passenger 258,female,6.123596662043951,3,3,TKT0258,455.03118418154,C258,C
1,2,Passenger 259,female,25.98490282589216,1,0,TKT0259,326.2133658280531,C259,C
0,3,Passenger 260,female,38.31942535589735,0,0,TKT0260,338.46862038111186,,C
1,3,Passenger 261,female,14.373378865864098,1,3,TKT0261,5.876825143477698,,S
0,2,Passenger 262,female,49.10722550547172,3,1,TKT0262,499.26628678192435,C262,C
1,2,Passenger 263,male,12.667647124318538,2,1,TKT0263,234.27295522304723,C263,C
0,1,Passenger 264,male,18.771488811178887,5,1,TKT0264,68.24139376252668,,Q
1,2,Passenger 265,female,28.95586333555043,1,3,TKT0265,116.74729806953879,C265,S
0,1,Passenger 266,male,7.6474620466093475,3,1,TKT0266,196.71481127024757,,S
0,3,Passenger 267,female,11.484514942535634,2,0,TKT0267,461.6656374625262,C267,S
1,3,Passenger 268,male,54.57057363403582,5,1,TKT0268,34.443957165586795,C268,S
0,1,Passenger 269,male,19.580816561253226,2,1,TKT0269,385.4886183093048,,Q
0,3,Passenger 270,female,12.242393551449542,1,3,TKT0270,220.54873163593302,,C
1,1,Passenger 271,male,65.4318550355608,0,2,TKT0271,224.5840405656966,C271,C
1,2,Passenger 272,male,18.35675825047617,3,1,TKT0272,356.06696267918494,C272,Q
1,1,Passenger 273,female,15.403594684715806,4,4,TKT0273,443.26960583203197,C273,Q
1,3,Passenger 274,female,21.43403224535279,3,3,TKT0274,179.5958489127868,C274,Q
0,1,Passenger 275,female,53.88741680179363,0,4,TKT0275,26.914164478939195,C275,S
0,3,Passenger 276,female,73.87191935751217,2,4,TKT0276,233.2503752442096,C276,Q
1,1,Passenger 277,male,11.591920566381454,5,5,TKT0277,496.57509908970286,C277,S
1,2,Passenger 278,male,55.25732329593343,3,5,TKT0278,196.78759002368696,C278,S
0,2,Passenger 279,male,71.3250881253119,5,4,TKT0279,222.42050643477577,C279,C
0,3,Passenger 280,female,51.74655255411496,1,1,TKT0280,193.2172541399545,C280,C
0,3,Passenger 281,male,45.09511646968669,4,1,TKT0281,89.35165031744903,C281,C
0,1,Passenger 282,female,63.73387774870364,3,1,TKT0282,317.9851136770237,C282,C
0,2,Passenger 283,male,15.287482369373258,0,0,TKT0283,84.53544056590988,C283,C
1,1,Passenger 284,female,20.670664058491568,3,2,TKT0284,257.536753801228,C284,Q
0,3,Passenger 285,male,50.84450618155088,5,0,TKT0285,51.276942616181856,C285,C
1,3,Passenger 286,male,60.623459927670226,0,4,TKT0286,302.52983490158863,C286,C
1,1,Passenger 287,female,65.52269541545415,4,0,TKT0287,16.162788068422593,C287,S
1,1,Passenger 288,male,72.8936052311084,5,3,TKT0288,184.9214310813607,C288,C
1,1,Passenger 289,female,69.05943451830498,1,3,TKT0289,159.25215643794286,C289,S
1,1,Passenger 290,male,42.364514409665134,3,1,TKT0290,131.34513106974424,C290,Q
1,1,Passenger 291,female,15.772552342759361,4,5,TKT0291,76.39121484011245,,Q
1,3,Passenger 292,male,68.79786882130016,5,5,TKT0292,410.6152219931302,,Q
0,2,Passenger 293,male,51.801276162053625,1,0,TKT0293,409.5195317494772,C293,Q
0,3,Passenger 294,male,59.73304960864887,4,5,TKT0294,105.6297818660898,,Q
1,3,Passenger 295,female,63.30532056564273,4,0,TKT0295,336.097111163183,C295,S
1,3,Passenger 296,female,40.160518275178006,3,2,TKT0296,238.30919540065645,C296,C
1,1,Passenger 297,female,59.811538559605516,1,1,TKT0297,97.6976646445698,C297,Q
0,3,Passenger 298,male,15.811310973588903,4,1,TKT0298,470.838060947164,C298,S
1,2,Passenger 299,female,76.64352615841372,0,3,TKT0299,76.70662573724736,C299,C
1,3,Passenger 300,female,61.75202323608767,1,5,TKT0300,114.10649990948974,C300,S
1,1,Passenger 301,male,41.34093440785618,5,5,TKT0301,327.6990380557792,,Q
0,3,Passenger 302,female,70.95217499998512,2,3,TKT0302,287.14603556304246,,Q
0,3,Passenger 303,male,30.97432219815165,0,3,TKT0303,56.3248137346798,C303,S
1,2,Passenger 304,female,50.20014740388615,4,3,TKT0304,422.2059623486499,,Q
0,3,Passenger 305,female,45.18122518170563,1,3,TKT0305,11.154343976647148,C305,S
0,1,Passenger 306,male,36.6213638467226,0,5,TKT0306,314.52462480883577,C306,S
1,2,Passenger 307,female,77.31993428211129,5,4,TKT0307,477.3696760123828,,Q
0,1,Passenger 308,male,22.91610594541308,5,3,TKT0308,393.0845007740763,C308,S
1,3,Passenger 309,female,53.03428938606955,1,0,TKT0309,129.55968524162768,C309,C
0,1,Passenger 310,male,17.475126462721896,1,5,TKT0310,183.6448986865549,C310,Q
1,1,Passenger 311,female,17.716756284973144,0,5,TKT0311,152.7814823780469,C311,C
0,3,Passenger 312,female,76.12295898393792,4,3,TKT0312,141.20748450122102,C312,Q
0,3,Passenger 313,female,56.545642716110514,3,5,TKT0313,93.19629703767905,C313,S
1,1,Passenger 314,female,34.623024924200145,1,5,TKT0314,240.43603235446514,C314,Q
1,2,Passenger 315,male,77.9325716122898,5,1,TKT0315,326.8842549100383,,S
1,3,Passenger 316,female,6.119146117373409,4,0,TKT0316,90.83211543779244,,Q
0,2,Passenger 317,female,22.13972012581234,3,5,TKT0317,374.81822483826807,C317,C
0,2,Passenger 318,female,55.41537811434765,0,5,TKT0318,96.65026052332583,,Q
0,2,Passenger 319,female,38.38817615254455,0,2,TKT0319,333.4815443793415,,S
0,2,Passenger 320,male,55.258085770945364,4,4,TKT0320,437.58408808331586,,C
1,2,Passenger 321,female,24.781018712831262,3,1,TKT0321,107.30338859646477,C321,C
1,3,Passenger 322,female,38.19123724535297,0,1,TKT0322,400.60091197664593,C322,C
1,1,Passenger 323,female,30.838419955888643,3,4,TKT0323,295.8937047293998,C323,C
0,2,Passenger 324,male,25.779001768259526,2,4,TKT0324,182.64853808630932,C324,C
1,1,Passenger 325,male,57.25385121471154,2,2,TKT0325,344.1748855285379,C325,C
1,1,Passenger 326,male,59.872563140591176,1,4,TKT0326,367.24342254786245,C326,Q
0,1,Passenger 327,male,58.99800815396913,3,0,TKT0327,160.47413717925946,C327,C
0,3,Passenger 328,female,4.455077782394451,1,2,TKT0328,86.79246027896217,C328,C
1,2,Passenger 329,female,48.387066762029065,2,2,TKT0329,78.24087598951799,,Q
1,3,Passenger 330,male,32.17044521841146,3,3,TKT0330,38.56765557474704,C330,Q
1,2,Passenger 331,female,14.155974502119653,4,2,TKT0331,480.38225330667916,C331,S
0,3,Passenger 332,female,38.97323586792665,3,0,TKT0332,474.2020672859906,,S
0,2,Passenger 333,female,26.578152770385742,5,2,TKT0333,102.68184487093293,C333,S
0,1,Passenger 334,male,43.68291386690364,4,2,TKT0334,437.25620551650826,,Q
0,3,Passenger 335,male,2.4422729410412627,0,0,TKT0335,11.95553024125185,C335,Q
1,3,Passenger 336,female,41.979323253057785,0,4,TKT0336,469.6369188003246,,Q
0,1,Passenger 337,female,18.332179142808542,5,4,TKT0337,476.2565004546866,C337,C
0,2,Passenger 338,female,9.323237311367988,1,5,TKT0338,325.4890636252826,C338,S
1,1,Passenger 339,female,24.347323826970303,0,1,TKT0339,335.72047434561034,C339,S
1,1,Passenger 340,male,42.00565895408648,1,1,TKT0340,320.54811160315205,C340,Q
1,2,Passenger 341,female,65.58815252314662,2,2,TKT0341,194.80823162825632,C341,C
0,3,Passenger 342,male,28.070488550699324,4,1,TKT0342,185.90975697405483,C342,Q
1,3,Passenger 343,male,57.77609663597276,2,4,TKT0343,21.813262216000837,,Q
1,1,Passenger 344,male,14.50237439291247,1,2,TKT0344,439.3802219268607,C344,Q
0,2,Passenger 345,female,63.674027090093105,3,3,TKT0345,417.53850121660935,,C
0,2,Passenger 346,female,65.73681408784192,0,1,TKT0346,358.5448443563291,C346,S
0,2,Passenger 347,female,21.030016264751644,2,0,TKT0347,311.8402766537664,C347,Q
0,1,Passenger 348,female,27.027140808967793,2,3,TKT0348,34.856194956292185,,Q
1,1,Passenger 349,female,9.60429659629487,3,5,TKT0349,349.6167039217765,,Q
1,3,Passenger 350,female,21.830059452387555,5,0,TKT0350,455.7282071623964,,Q
0,2,Passenger 351,female,50.94553288112174,1,2,TKT0351,449.0739551244199,,C
1,3,Passenger 352,female,48.0267678094578,1,0,TKT0352,476.09780111582666,C352,Q
0,2,Passenger 353,female,10.924739839343959,1,1,TKT0353,271.15580085495054,,C
1,1,Passenger 354,male,48.260296206331645,5,0,TKT0354,352.8446731388968,C354,S
0,2,Passenger 355,female,36.16425033435788,1,3,TKT0355,167.29573139776096,C355,S
1,1,Passenger 356,female,28.456611141494523,2,3,TKT0356,308.7852071230636,C356,S
0,3,Passenger 357,female,24.803524625554147,5,3,TKT0357,380.6334819876112,,C
1,3,Passenger 358,male,77.35426170098651,2,3,TKT0358,263.9318861322994,,S
0,1,Passenger 359,female,67.8602314181574,3,2,TKT0359,397.3040905386347,C359,Q
0,1,Passenger 360,male,22.704062224182586,0,0,TKT0360,428.07020961576586,C360,Q
1,2,Passenger 361,female,49.281640766409545,2,1,TKT0361,58.060380302882635,C361,S
0,3,Passenger 362,male,49.38540143437865,0,2,TKT0362,104.20624172865573,,Q
1,2,Passenger 363,female,68.77645076057853,1,4,TKT0363,493.1307047940178,,C
0,3,Passenger 364,male,63.14346450788388,4,1,TKT0364,481.6507813180711,,Q
0,2,Passenger 365,female,33.09270267360811,5,5,TKT0365,50.87852495983264,C365,Q
1,3,Passenger 366,male,70.85074415117651,3,4,TKT0366,182.2164655138386,C366,C
1,2,Passenger 367,female,61.40975006523234,2,4,TKT0367,293.2147063634759,,S
1,2,Passenger 368,male,10.70691185972105,2,1,TKT0368,243.819928319812,C368,Q
0,1,Passenger 369,female,21.191968697394294,1,3,TKT0369,259.09691888395326,C369,S
0,2,Passenger 370,female,31.81987761334699,3,3,TKT0370,124.06853815074122,C370,C
0,3,Passenger 371,male,27.526578860583456,1,0,TKT0371,104.90760862846297,C371,Q
1,3,Passenger 372,male,62.90411968152793,5,3,TKT0372,325.54105437127924,C372,C
1,3,Passenger 373,male,37.47503586862771,1,5,TKT0373,373.1123899580805,,S
1,1,Passenger 374,female,78.82909877260005,5,5,TKT0374,87.49394095439298,,S
0,1,Passenger 375,female,71.29287281836018,2,3,TKT0375,349.9268774834619,,S
1,1,Passenger 376,female,34.94857685838194,1,3,TKT0376,434.3920227388114,C376,S
1,3,Passenger 377,male,15.337324529030212,3,0,TKT0377,107.86243273321082,C377,C
1,3,Passenger 378,male,7.044061948446584,2,4,TKT0378,156.9255734985923,C378,C
0,1,Passenger 379,male,78.10595223544979,0,1,TKT0379,426.2940273174545,C379,Q
1,2,Passenger 380,male,52.51599144958834,1,4,TKT0380,122.36347350671458,C380,S
0,1,Passenger 381,female,21.96244991202252,4,5,TKT0381,420.41559682799607,C381,Q
0,2,Passenger 382,female,17.447412614784444,4,4,TKT0382,422.72766384265304,C382,Q
1,1,Passenger 383,male,7.2202211235606555,0,2,TKT0383,111.45559057687288,,Q
0,1,Passenger 384,female,75.1078522075692,1,0,TKT0384,15.623248566192329,,S
1,2,Passenger 385,male,39.83664634794795,1,5,TKT0385,493.0564106408772,C385,C
0,3,Passenger 386,male,51.95159015643689,3,3,TKT0386,230.4596406637379,,S
1,2,Passenger 387,female,15.624367420647584,5,4,TKT0387,208.8109548301144,C387,C
0,2,Passenger 388,male,73.8307881105483,0,1,TKT0388,143.2984618669054,C388,Q
1,2,Passenger 389,female,60.276719319631034,4,3,TKT0389,13.569303424150048,C389,C
1,2,Passenger 390,female,62.34503232411082,2,1,TKT0390,95.50150370499702,C390,Q
0,3,Passenger 391,female,18.41135806505273,5,5,TKT0391,53.87414822903423,C391,C
1,1,Passenger 392,female,71.55758438364678,1,0,TKT0392,337.87362807622645,,Q
1,2,Passenger 393,male,67.76788311319976,2,4,TKT0393,17.87002645504666,C393,C
1,2,Passenger 394,male,56.053933260651085,5,5,TKT0394,485.7010347737114,C394,C
0,2,Passenger 395,male,63.35726040358355,2,2,TKT0395,388.9734143864219,,Q
0,1,Passenger 396,male,3.50844087123002,0,2,TKT0396,488.34912142641326,C396,S
1,3,Passenger 397,female,69.96608405469992,4,1,TKT0397,420.57436237974395,C397,Q
1,1,Passenger 398,female,73.32547501624073,2,0,TKT0398,443.7310389928416,C398,Q
1,3,Passenger 399,male,71.7481973225326,4,5,TKT0399,131.20423368866008,C399,C
1,3,Passenger 400,male,59.94411662937726,0,4,TKT0400,234.81865070196451,C400,C
0,3,Passenger 401,male,36.04139174623434,0,3,TKT0401,246.8926169351617,C401,S
1,2,Passenger 402,male,71.09370212516141,2,2,TKT0402,309.465031706964,,Q
1,2,Passenger 403,female,53.79109360218739,5,0,TKT0403,42.74094704267243,C403,Q
1,1,Passenger 404,female,21.537857252860203,2,2,TKT0404,466.4283426446531,,C
0,3,Passenger 405,male,78.94355352136263,3,4,TKT0405,163.5048427183947,C405,S
0,3,Passenger 406,female,71.13967770317078,3,5,TKT0406,287.8113473474667,C406,C
0,1,Passenger 407,male,72.68343465677893,1,0,TKT0407,291.3467898194084,C407,Q
1,1,Passenger 408,female,74.27120302477987,5,1,TKT0408,483.0106531487894,,C
1,1,Passenger 409,female,24.748960838683658,1,0,TKT0409,155.09854092465898,C409,Q
1,2,Passenger 410,male,52.475927087937336,2,5,TKT0410,482.6916656152828,C410,Q
0,2,Passenger 411,male,18.93753864041353,1,0,TKT0411,14.445585813963799,,Q
1,2,Passenger 412,female,61.01508759764823,1,1,TKT0412,182.40755381555934,C412,Q
0,1,Passenger 413,female,72.43566540828884,0,3,TKT0413,43.922284592181065,,S
0,1,Passenger 414,female,1.4985241497150144,5,0,TKT0414,34.45686067392112,C414,C
0,1,Passenger 415,female,75.23530039823447,5,2,TKT0415,167.01750091149907,C415,Q
1,2,Passenger 416,female,35.9214684449555,3,1,TKT0416,160.92215255004362,C416,S
1,1,Passenger 417,female,41.541336133157074,3,5,TKT0417,155.35777453005312,C417,Q
1,3,Passenger 418,male,48.019423086352894,5,4,TKT0418,72.730705335289,C418,Q
1,3,Passenger 419,male,64.13487601115166,2,1,TKT0419,305.1562224964435,,S
0,2,Passenger 420,male,38.82329974876188,5,0,TKT0420,366.3195300526861,,S
1,1,Passenger 421,female,14.698448008377321,4,5,TKT0421,434.81918306627654,,Q
0,3,Passenger 422,female,28.07577199185724,2,5,TKT0422,206.47305111492656,C422,Q
1,1,Passenger 423,male,6.3790504233120275,3,3,TKT0423,427.16761846953517,C423,Q
0,2,Passenger 424,male,35.09317363308094,3,4,TKT0424,45.444922468338746,C424,S
1,3,Passenger 425,male,67.08855538668357,2,0,TKT0425,270.1018990525638,C425,C
0,3,Passenger 426,female,15.055976161964999,0,5,TKT0426,179.99635665533282,C426,S
1,2,Passenger 427,male,71.49098461347322,2,3,TKT0427,408.9390502257809,,S
0,3,Passenger 428,male,1.3777917558108186,5,1,TKT0428,178.21146558140939,C428,Q
1,3,Passenger 429,male,72.76491844028261,5,3,TKT0429,105.80107436047685,,Q
0,3,Passenger 430,female,63.331506592255884,1,1,TKT0430,230.594696424878,,S
0,2,Passenger 431,male,28.237281943051123,5,3,TKT0431,464.05557680924954,C431,S
0,1,Passenger 432,female,59.07540316729485,0,3,TKT0432,70.11870023820173,C432,S
1,1,Passenger 433,female,69.65515491472685,1,4,TKT0433,495.6574470128282,,C
1,2,Passenger 434,male,62.74184501074975,4,0,TKT0434,193.25787938513062,C434,C
1,1,Passenger 435,male,5.475124596761641,0,2,TKT0435,97.45484291189624,C435,C
1,3,Passenger 436,female,14.555342131825771,0,3,TKT0436,422.5973032629593,C436,Q
1,3,Passenger 437,male,77.87427469396658,5,3,TKT0437,330.73576839725337,C437,C
1,2,Passenger 438,female,2.922626490398927,2,3,TKT0438,55.10886250895194,,S
1,3,Passenger 439,female,26.252117400559314,5,1,TKT0439,31.429549971717382,C439,C
0,2,Passenger 440,female,1.6632249856897352,3,5,TKT0440,147.59916482296362,C440,Q
0,2,Passenger 441,female,49.11942064354477,4,3,TKT0441,62.302207638090735,C441,C
1,3,Passenger 442,male,46.00437141190059,1,4,TKT0442,492.17524510196534,C442,C
0,1,Passenger 443,male,21.914081475690722,3,4,TKT0443,406.58261169196334,C443,C
0,2,Passenger 444,male,38.89738656369777,5,4,TKT0444,333.8936048785965,,Q
1,3,Passenger 445,male,15.546339849342548,3,4,TKT0445,464.4192631632868,C445,Q
0,2,Passenger 446,male,17.347374992828932,4,3,TKT0446,18.8680609725566,,C
0,3,Passenger 447,female,76.65737750414472,1,2,TKT0447,453.8541900636593,C447,Q
0,1,Passenger 448,male,28.2880885060839,3,0,TKT0448,83.32359802202147,C448,C
0,3,Passenger 449,female,59.719033383508005,5,1,TKT0449,94.75100795810647,,S
1,2,Passenger 450,female,66.15563985873442,2,1,TKT0450,202.72526988900398,,S
0,1,Passenger 451,female,42.83347206798568,5,3,TKT0451,336.7960135436142,C451,C
0,1,Passenger 452,female,75.13632689574632,1,4,TKT0452,263.543472320612,C452,Q
0,1,Passenger 453,male,6.615598341944493,0,2,TKT0453,328.9960635966386,,C
1,1,Passenger 454,male,44.17725530019975,3,1,TKT0454,167.38128768732076,C454,Q
0,1,Passenger 455,male,16.756113850721647,2,1,TKT0455,359.893692107068,C455,C
0,2,Passenger 456,female,77.46913577718584,4,1,TKT0456,93.98607548545135,C456,C
0,2,Passenger 457,female,69.7807452435625,4,4,TKT0457,456.9179027846101,,S
1,1,Passenger 458,male,46.29200044080242,5,0,TKT0458,267.3516083679068,C458,Q
1,1,Passenger 459,female,21.95756695551289,0,4,TKT0459,391.3719080987274,C459,S
0,2,Passenger 460,female,12.033242770290034,2,5,TKT0460,455.6808433136142,C460,Q
0,1,Passenger 461,female,18.728985980009714,2,3,TKT0461,71.95615041168553,C461,S
0,2,Passenger 462,male,70.09812344909277,5,2,TKT0462,128.23089189590695,,C
1,1,Passenger 463,male,59.70854727424751,1,2,TKT0463,188.52240170338914,C463,Q
0,3,Passenger 464,female,59.71092093146185,3,1,TKT0464,495.5653581541283,C464,C
0,1,Passenger 465,female,53.78367271121281,1,5,TKT0465,228.6258847975015,C465,C
1,3,Passenger 466,female,10.362101113806057,1,2,TKT0466,358.27433431521916,C466,Q
0,1,Passenger 467,male,44.614140432344904,3,5,TKT0467,419.3160108388926,C467,S
1,3,Passenger 468,female,40.41260550773397,4,4,TKT0468,410.07740805080726,C468,Q
1,3,Passenger 469,female,15.079198072443155,1,5,TKT0469,12.623016075165772,C469,S
1,3,Passenger 470,male,54.50387720199255,3,3,TKT0470,242.58778258808996,C470,S
0,1,Passenger 471,male,77.76473353767204,4,5,TKT0471,302.1522092791958,,Q
1,3,Passenger 472,male,13.977371621884208,3,5,TKT0472,113.2221866686753,C472,S
1,1,Passenger 473,male,39.651844643051355,5,1,TKT0473,23.159819918834835,C473,Q
1,3,Passenger 474,male,5.999005421353143,2,2,TKT0474,353.62262986562035,C474,Q
0,2,Passenger 475,male,19.418531368228265,3,1,TKT0475,25.209383182088164,C475,C
0,1,Passenger 476,male,33.96962714952588,4,3,TKT0476,458.250129354801,,C
1,1,Passenger 477,female,6.653940980073446,2,3,TKT0477,81.08053705262549,C477,S
1,2,Passenger 478,female,24.151654175180415,3,2,TKT0478,447.82336826392157,,S
1,1,Passenger 479,male,11.211337940273893,0,0,TKT0479,134.1861107808386,C479,S
0,1,Passenger 480,male,53.790962524260394,2,2,TKT0480,447.71708176104966,C480,C
0,2,Passenger 481,female,6.051455164346126,1,3,TKT0481,385.3057583562415,C481,C
1,2,Passenger 482,female,11.667266718536096,2,0,TKT0482,85.76259912589957,C482,S
1,3,Passenger 483,female,67.94032734188859,2,1,TKT0483,119.90844855858651,,S
0,2,Passenger 484,female,52.19122761038262,1,2,TKT0484,457.79884629348396,C484,C
1,1,Passenger 485,male,49.7125544116714,2,1,TKT0485,446.42423810428596,C485,Q
1,1,Passenger 486,male,75.25746226302819,5,1,TKT0486,121.3860285749751,C486,Q
1,1,Passenger 487,male,40.956673026551854,2,2,TKT0487,456.7003196878496,,Q
1,1,Passenger 488,male,73.41273194524256,2,4,TKT0488,86.7001517353767,,C
1,3,Passenger 489,female,75.18531126509569,2,0,TKT0489,493.9544763934704,C489,Q
1,2,Passenger 490,male,44.83013825620046,5,1,TKT0490,246.00088039637154,C490,C
0,3,Passenger 491,male,6.684171388670081,3,5,TKT0491,387.3655080700748,C491,C
0,2,Passenger 492,male,60.340041370286485,2,2,TKT0492,25.267160765315033,C492,C
0,2,Passenger 493,female,63.861701121786986,0,3,TKT0493,377.24520998051594,C493,Q
0,3,Passenger 494,male,70.66363216814216,4,3,TKT0494,212.8368202239483,,Q
1,2,Passenger 495,male,44.845579004015796,4,4,TKT0495,223.11671997719415,C495,C
0,1,Passenger 496,male,33.59787800592857,4,0,TKT0496,405.97374789043687,C496,S
0,2,Passenger 497,male,59.23611607783688,2,5,TKT0497,395.45199079463436,C497,S
0,3,Passenger 498,female,2.5578682765319827,0,4,TKT0498,253.98370267893955,C498,S
1,2,Passenger 499,female,73.0058307674809,1,3,TKT0499,299.38416505899534,C499,S
1,1,Passenger 500,male,65.65758222365113,2,1,TKT0500,18.810584398790994,,C
1,3,Passenger 501,female,43.87344873355738,1,3,TKT0501,58.57972117477832,,S
1,3,Passenger 502,male,14.907793203787744,5,4,TKT0502,325.4825320435542,,S
0,3,Passenger 503,female,16.27327341768309,4,5,TKT0503,135.57675919133715,C503,Q
0,1,Passenger 504,female,75.53424283184668,2,3,TKT0504,337.86530468501064,C504,C
1,2,Passenger 505,male,12.26132204483246,3,0,TKT0505,402.6869424795311,C505,S
1,2,Passenger 506,female,63.786162820251604,3,1,TKT0506,356.08861078481016,C506,Q
0,3,Passenger 507,female,21.048352141912822,0,2,TKT0507,427.3532109802898,C507,C
0,2,Passenger 508,male,9.605123879914368,2,2,TKT0508,24.056746264406556,C508,Q
0,1,Passenger 509,female,19.703360196992065,1,3,TKT0509,350.54259841714895,,Q
0,3,Passenger 510,female,6.798497774747592,3,5,TKT0510,366.68154749260754,C510,S
0,2,Passenger 511,male,31.205058464291824,4,4,TKT0511,43.13659693255086,C511,S
0,1,Passenger 512,male,68.06748774237549,4,4,TKT0512,381.40561182966877,C512,C
1,2,Passenger 513,female,61.62896055607419,5,5,TKT0513,341.92999510788184,,C
0,1,Passenger 514,female,21.379922627845893,4,3,TKT0514,432.006669587514,C514,C
0,1,Passenger 515,male,8.84111173275993,5,0,TKT0515,54.97227118204395,,Q
0,2,Passenger 516,female,34.34961103463234,3,1,TKT0516,236.48385566706546,C516,S
0,2,Passenger 517,female,49.46578449950704,4,5,TKT0517,38.983133388330316,,S
0,1,Passenger 518,male,79.6806051241891,5,3,TKT0518,149.2231118894255,C518,C
1,1,Passenger 519,female,47.44231266164002,2,3,TKT0519,242.3728537361576,C519,C
0,2,Passenger 520,female,8.485389846551376,2,1,TKT0520,211.36182740245135,C520,Q
1,1,Passenger 521,female,55.60798725821038,1,0,TKT0521,337.50948503528394,C521,C
1,2,Passenger 522,male,44.36723199454359,2,3,TKT0522,105.48570066905961,C522,C
0,3,Passenger 523,male,12.512685604925768,3,5,TKT0523,147.85841547234435,C523,C
1,2,Passenger 524,male,79.53515980915779,3,0,TKT0524,366.4881513931154,C524,S
0,1,Passenger 525,male,13.189666023329076,4,1,TKT0525,413.87094383685337,,S
0,2,Passenger 526,female,64.02538963169695,1,1,TKT0526,307.2813916487566,C526,Q
1,3,Passenger 527,male,37.40277180724466,0,0,TKT0527,21.60028440214114,C527,Q
1,2,Passenger 528,female,39.27651190108152,2,4,TKT0528,166.03415076836498,C528,S
1,1,Passenger 529,male,60.7879049510269,1,0,TKT0529,377.02050083129257,C529,S
0,1,Passenger 530,female,31.544273124625107,1,2,TKT0530,459.07656458495956,C530,S
1,1,Passenger 531,male,45.173224610922425,3,3,TKT0531,397.4144727734055,,C
0,1,Passenger 532,female,57.864701618566095,1,0,TKT0532,268.8677179287746,C532,S
1,2,Passenger 533,male,48.60680421381304,0,0,TKT0533,396.281660769934,C533,Q
1,3,Passenger 534,female,12.340229968956645,3,1,TKT0534,459.85687417331525,C534,Q
1,1,Passenger 535,female,19.974141459066686,1,2,TKT0535,9.6326727014854,C535,C
1,1,Passenger 536,male,24.065332745363733,1,3,TKT0536,248.3357931297571,,S
0,1,Passenger 537,female,64.39615662053325,2,4,TKT0537,121.65299387329141,C537,S
1,1,Passenger 538,male,52.931496153211214,0,3,TKT0538,310.52733880105444,C538,Q
1,2,Passenger 539,female,46.41038695864085,5,1,TKT0539,470.54781712327855,,C
1,2,Passenger 540,male,56.28851110199403,4,5,TKT0540,219.23722259186346,C540,Q
0,2,Passenger 541,female,79.46119181179427,0,2,TKT0541,152.56778223771806,,S
0,3,Passenger 542,female,3.5209304815572113,5,3,TKT0542,226.86212586601528,C542,S
0,1,Passenger 543,male,10.661155649835575,1,2,TKT0543,316.14452070902763,C543,S
1,1,Passenger 544,male,44.10550131144082,2,2,TKT0544,28.396405764787918,C544,S
0,1,Passenger 545,female,38.85442282665564,4,2,TKT0545,283.663362584156,,S
0,2,Passenger 546,female,67.56071031042873,1,4,TKT0546,109.24715527325878,C546,Q
1,3,Passenger 547,male,38.68619009513163,0,5,TKT0547,32.37422667260748,C547,Q
1,3,Passenger 548,male,62.45146677031799,5,0,TKT0548,486.9403579431559,C548,S
0,3,Passenger 549,female,46.903515242559884,1,4,TKT0549,397.81229516412174,C549,Q
1,1,Passenger 550,male,10.903464110342172,0,2,TKT0550,218.17439317424748,C550,Q
1,1,Passenger 551,male,75.31198656547976,4,5,TKT0551,83.63104738152822,C551,C
1,2,Passenger 552,female,17.728951204935804,3,3,TKT0552,291.2908861157011,C552,C
1,2,Passenger 553,male,28.24821415798327,2,2,TKT0553,187.74810272045175,C553,Q
1,3,Passenger 554,female,25.988555221324365,0,1,TKT0554,392.411147991379,C554,S
0,1,Passenger 555,male,69.71257737296705,1,5,TKT0555,238.26311812928947,C555,S
1,3,Passenger 556,female,54.963955767943126,5,1,TKT0556,92.08359043817437,C556,C
1,3,Passenger 557,male,24.250441664319304,1,4,TKT0557,463.4836505347339,C557,S
1,2,Passenger 558,male,51.96859630510637,3,0,TKT0558,48.46606586565322,,C
1,3,Passenger 559,female,79.85769050457179,4,4,TKT0559,286.80948113605047,C559,C
1,2,Passenger 560,male,37.98227783158843,1,5,TKT0560,120.23454568769819,C560,Q
1,2,Passenger 561,female,49.32530994492621,1,4,TKT0561,338.3841497160157,C561,S
1,3,Passenger 562,male,41.14763794187879,1,4,TKT0562,186.27710093014323,C562,S
0,1,Passenger 563,female,58.00209035937892,3,1,TKT0563,171.215505630786,C563,C
0,1,Passenger 564,female,39.73922766863666,2,1,TKT0564,286.95984503554735,C564,Q
1,3,Passenger 565,female,67.91056385108848,2,0,TKT0565,202.1615442194307,,C
0,1,Passenger 566,male,75.6392311275621,2,1,TKT0566,80.80762015483663,,S
0,1,Passenger 567,female,2.544993453642845,1,1,TKT0567,498.454316845174,C567,S
1,2,Passenger 568,female,56.77086572763565,1,5,TKT0568,146.9117044060811,C568,S
1,2,Passenger 569,male,63.59336707966716,0,2,TKT0569,131.84993527036647,C569,C
0,1,Passenger 570,male,26.57905883117887,5,5,TKT0570,331.0451893088151,,Q
0,1,Passenger 571,male,55.4952915649022,1,2,TKT0571,188.24070617571846,,S
1,1,Passenger 572,female,43.561896837934256,4,5,TKT0572,457.19974605413387,,S
0,2,Passenger 573,male,47.13486518831237,1,1,TKT0573,456.91587705329994,C573,Q
0,1,Passenger 574,female,23.020686079804264,0,1,TKT0574,441.7797584749815,C574,C
0,3,Passenger 575,male,16.18318060016432,3,5,TKT0575,50.112928220229925,,C
1,2,Passenger 576,female,26.613318117473163,0,5,TKT0576,398.30206462431323,C576,C
0,3,Passenger 577,male,77.0225423835145,1,0,TKT0577,266.7766629321751,C577,C
0,1,Passenger 578,male,29.926324058341873,0,1,TKT0578,337.7464376636157,C578,S
1,1,Passenger 579,male,74.09814038383126,2,2,TKT0579,76.7373026152479,C579,C
1,2,Passenger 580,male,30.38560090761239,2,0,TKT0580,76.22301484963577,C580,S
1,3,Passenger 581,male,52.562237059113585,4,4,TKT0581,408.88848412364575,C581,S
1,2,Passenger 582,male,33.60368171457788,4,4,TKT0582,103.99830662733507,C582,C
1,2,Passenger 583,female,50.52367398454249,4,0,TKT0583,453.86049082360137,C583,Q
0,3,Passenger 584,female,73.69485404803041,2,5,TKT0584,134.19194266345002,,S
1,1,Passenger 585,male,50.069297140915204,1,5,TKT0585,266.585495989836,C585,S
0,2,Passenger 586,male,59.3821105839169,2,2,TKT0586,93.19501703923724,C586,S
1,2,Passenger 587,female,33.23611674899279,3,2,TKT0587,426.9201183608953,,Q
0,2,Passenger 588,male,31.902875666401755,3,0,TKT0588,107.56089245684885,C588,Q
0,3,Passenger 589,male,44.46459880277787,2,2,TKT0589,431.6641366597802,C589,C
1,2,Passenger 590,male,22.04603235269299,3,4,TKT0590,228.5795623692447,C590,Q
1,1,Passenger 591,male,71.66855336620308,0,1,TKT0591,475.3221596942504,C591,Q
0,3,Passenger 592,male,10.999749414745715,2,4,TKT0592,438.76739878461234,C592,S
0,2,Passenger 593,male,26.149218197706805,5,0,TKT0593,48.03542474256738,C593,Q
0,2,Passenger 594,male,29.28029727265299,0,5,TKT0594,430.1255184973602,C594,S
1,1,Passenger 595,male,47.54332083624555,0,0,TKT0595,337.74560729101995,C595,C
0,2,Passenger 596,female,1.333295969708463,5,1,TKT0596,241.58153242417407,C596,C
1,2,Passenger 597,female,1.7843711699210352,5,3,TKT0597,235.01357300422177,C597,Q
1,3,Passenger 598,female,2.804660459254659,0,4,TKT0598,57.11913629451861,C598,C
1,1,Passenger 599,female,43.34153951039414,1,5,TKT0599,183.84761248748782,C599,S
1,3,Passenger 600,female,62.598365962009964,4,1,TKT0600,381.6773679957344,C600,Q
1,3,Passenger 601,female,73.38550234456386,3,3,TKT0601,228.85815578440324,C601,C
1,1,Passenger 602,female,28.229291021876126,5,4,TKT0602,10.37928777951398,C602,Q
0,3,Passenger 603,female,71.21381073829977,0,0,TKT0603,482.81613630788286,,Q
0,2,Passenger 604,female,23.199996807336152,2,0,TKT0604,53.63683786576029,C604,C
1,3,Passenger 605,female,9.987292610026513,0,3,TKT0605,209.30248202664717,C605,Q
0,2,Passenger 606,female,23.600564037245057,0,5,TKT0606,314.42148936153586,C606,Q
1,2,Passenger 607,male,35.884562628256035,0,5,TKT0607,23.31268837138092,C607,S
1,3,Passenger 608,male,5.25629650130449,2,2,TKT0608,363.22961963653916,,C
0,1,Passenger 609,female,59.334328622612944,5,2,TKT0609,141.41259473805917,C609,Q
0,3,Passenger 610,female,24.704465667899147,5,3,TKT0610,187.49652037761638,C610,C
1,3,Passenger 611,female,66.3490373297524,0,2,TKT0611,38.96454367691016,C611,C
1,2,Passenger 612,male,48.54805305997982,1,2,TKT0612,429.76310384861915,C612,C
0,1,Passenger 613,female,26.91634165262361,0,5,TKT0613,325.66847251433927,,S
0,3,Passenger 614,female,42.81523436479426,5,0,TKT0614,111.17703899551424,,S
0,2,Passenger 615,female,70.27983836427116,4,1,TKT0615,260.71297605706667,C615,C
0,2,Passenger 616,female,11.46385971551821,1,5,TKT0616,13.665971039432918,C616,Q
0,3,Passenger 617,male,58.10556703129661,3,0,TKT0617,264.22558771950884,,S
1,2,Passenger 618,male,47.770782197576516,1,0,TKT0618,475.314141555812,C618,S
1,3,Passenger 619,female,9.631340188890103,4,2,TKT0619,261.7218690707999,,S
0,3,Passenger 620,female,4.251031141346148,5,5,TKT0620,380.4694734908331,C620,S
0,2,Passenger 621,female,79.10605376772719,3,2,TKT0621,294.4813515313506,C621,Q
0,1,Passenger 622,female,10.212435178609446,0,4,TKT0622,152.12937017796838,C622,S
1,3,Passenger 623,male,78.92919626897937,5,3,TKT0623,249.64745361592378,C623,C
1,3,Passenger 624,male,23.809985757213095,2,5,TKT0624,247.54408291870857,C624,S
1,3,Passenger 625,male,24.206800479811815,4,3,TKT0625,280.36542111901014,C625,C
0,3,Passenger 626,female,37.75283527040729,4,3,TKT0626,239.75254395220193,C626,S
1,3,Passenger 627,female,78.47282812422243,0,0,TKT0627,32.06502652844296,C627,Q
1,2,Passenger 628,male,63.742048700848876,2,0,TKT0628,204.44927363593212,,S
1,1,Passenger 629,female,59.18499889718808,0,5,TKT0629,481.31982240397656,,Q
0,1,Passenger 630,male,65.4608272298324,4,5,TKT0630,341.1987155392607,C630,C
1,3,Passenger 631,female,13.514657552989636,3,0,TKT0631,405.35643874798154,C631,S
1,3,Passenger 632,female,49.22952825583154,0,5,TKT0632,94.9302228254713,C632,S
0,1,Passenger 633,female,30.45982990830605,5,0,TKT0633,95.20647264428136,,S
1,1,Passenger 634,female,55.48998018725252,2,2,TKT0634,437.7922987843592,C634,C
0,2,Passenger 635,female,14.292855135708956,3,5,TKT0635,72.10133653209229,,Q
0,3,Passenger 636,male,13.712340779845603,5,3,TKT0636,19.761133938188962,C636,S
1,3,Passenger 637,male,2.616795105634365,1,2,TKT0637,258.1815995369893,C637,S
1,3,Passenger 638,male,66.75622832715875,1,4,TKT0638,94.24763237082487,C638,Q
0,1,Passenger 639,female,10.518252741242499,0,4,TKT0639,206.79994616739756,C639,C
1,2,Passenger 640,male,38.91479438134476,1,0,TKT0640,339.9632453899117,C640,C
1,3,Passenger 641,female,16.93950667097719,0,0,TKT0641,179.84288190585227,C641,Q
0,3,Passenger 642,male,75.17815889849562,4,2,TKT0642,140.76561598117866,C642,S
0,3,Passenger 643,male,60.89666127095597,4,2,TKT0643,134.491069946361,C643,Q
0,1,Passenger 644,male,7.804709756996103,5,3,TKT0644,32.451664869017826,C644,S
0,1,Passenger 645,female,5.897318290013639,3,5,TKT0645,12.701821692935415,,C
0,2,Passenger 646,male,51.532944511523915,3,2,TKT0646,446.57355800735405,C646,C
1,3,Passenger 647,female,22.89880525323861,4,2,TKT0647,487.1477864823783,,S
1,3,Passenger 648,female,61.44660549299122,0,0,TKT0648,453.0653383809738,C648,S
1,3,Passenger 649,male,11.343461087853239,2,5,TKT0649,144.28821158104944,,S
1,3,Passenger 650,female,34.73547182939955,0,3,TKT0650,48.54585069657239,,C
1,3,Passenger 651,male,65.2429189371157,4,2,TKT0651,464.82667464714444,,Q
0,3,Passenger 652,male,76.47599718346227,3,5,TKT0652,269.36625155232065,C652,S
1,3,Passenger 653,female,65.58611663886887,0,2,TKT0653,351.74917621006733,,Q
1,1,Passenger 654,female,77.24902505923649,5,0,TKT0654,309.9156300948347,C654,C
1,3,Passenger 655,male,75.82606026420629,1,4,TKT0655,99.68025928680392,,Q
1,3,Passenger 656,female,60.126302624278345,3,0,TKT0656,123.8326404818899,C656,S
0,3,Passenger 657,male,44.22614496451923,5,2,TKT0657,386.4001619141396,,C
0,1,Passenger 658,male,48.45359102136023,5,2,TKT0658,30.543731684650226,C658,Q
0,3,Passenger 659,male,19.71467358341731,4,4,TKT0659,397.7881442271484,,S
0,3,Passenger 660,male,24.44331107460994,3,4,TKT0660,467.42423643018213,C660,S
1,1,Passenger 661,male,38.04096135601343,4,3,TKT0661,488.6336256712367,C661,C
1,3,Passenger 662,male,3.1311867322955385,0,1,TKT0662,400.84561356935166,,C
0,2,Passenger 663,female,41.34088431434193,3,3,TKT0663,42.91580556664669,C663,C
0,3,Passenger 664,male,5.582815113819379,3,5,TKT0664,231.21550437834253,C664,C
1,2,Passenger 665,female,49.6349982358811,0,1,TKT0665,138.5974261231594,C665,C
0,1,Passenger 666,female,45.429766744935286,4,0,TKT0666,395.27421348187937,,Q
0,1,Passenger 667,female,37.51510538540251,3,3,TKT0667,286.5499577630254,C667,S
1,2,Passenger 668,female,26.119526181046282,0,1,TKT0668,170.0728145783307,C668,C
1,2,Passenger 669,male,75.95638385256571,4,3,TKT0669,146.23341145248025,C669,C
0,1,Passenger 670,female,56.37066296733075,1,5,TKT0670,355.53241636347354,C670,S
0,1,Passenger 671,male,67.54281984205511,0,5,TKT0671,311.6854091295146,C671,C
1,2,Passenger 672,female,2.627621196239854,1,1,TKT0672,248.30606555713675,,Q
0,1,Passenger 673,male,59.98394269193874,4,5,TKT0673,44.238669085552,C673,C
0,3,Passenger 674,female,19.662914253897192,2,4,TKT0674,283.5200902756889,,C
0,2,Passenger 675,female,26.595736218277107,3,2,TKT0675,233.53852297747798,,S
0,2,Passenger 676,male,7.267736602176333,4,4,TKT0676,192.36366486963473,C676,Q
0,1,Passenger 677,female,10.702259490358724,2,1,TKT0677,246.71607997198265,,Q
0,3,Passenger 678,female,62.04283387397273,0,2,TKT0678,371.31586932400086,C678,C
1,1,Passenger 679,female,35.63446773025529,0,3,TKT0679,499.3327176801394,C679,Q
1,2,Passenger 680,male,18.804352603047768,1,2,TKT0680,265.92758953271573,C680,S
0,3,Passenger 681,female,53.586056492717844,3,3,TKT0681,293.80579211029783,C681,Q
1,3,Passenger 682,female,7.727965401042923,1,5,TKT0682,113.45416531498446,C682,Q
1,3,Passenger 683,female,65.42540307357753,5,2,TKT0683,217.75251027073853,C683,Q
1,1,Passenger 684,female,60.07704838363353,2,4,TKT0684,410.7858980707777,C684,Q
1,3,Passenger 685,female,14.701119118726577,0,4,TKT0685,155.1777233004989,,S
0,1,Passenger 686,female,14.586740092320246,0,3,TKT0686,23.55259373514439,,C
1,2,Passenger 687,male,49.307870908832605,3,1,TKT0687,43.839379252472455,,Q
0,2,Passenger 688,female,63.53223042918565,5,4,TKT0688,174.62687501843538,C688,C
0,1,Passenger 689,female,55.12805543275928,3,2,TKT0689,229.47049089639532,C689,Q
0,3,Passenger 690,female,20.216006325271447,1,2,TKT0690,150.58946434556853,,Q
0,3,Passenger 691,male,71.06218241360637,4,3,TKT0691,20.205235788242504,C691,C
1,3,Passenger 692,male,59.70130111691395,2,5,TKT0692,198.89645237364385,C692,C
1,1,Passenger 693,male,29.307437520083067,3,1,TKT0693,314.4937310736606,,S
1,3,Passenger 694,female,26.367036520018058,1,4,TKT0694,28.98044958152266,C694,S
0,1,Passenger 695,male,36.861482640586765,1,3,TKT0695,272.0435835811737,C695,S
0,3,Passenger 696,female,7.155814946451495,3,5,TKT0696,98.58438008558397,C696,S
0,3,Passenger 697,male,62.229159487406996,5,2,TKT0697,465.1539059964881,C697,Q
1,3,Passenger 698,male,4.302679857171664,0,0,TKT0698,143.32181566500918,C698,C
0,1,Passenger 699,female,23.94138686266865,3,2,TKT0699,440.1074235726103,C699,S
1,3,Passenger 700,male,56.18571273838463,1,2,TKT0700,168.35341523195262,,C
0,2,Passenger 701,male,46.96571780986131,0,3,TKT0701,490.5966983583325,,Q
0,1,Passenger 702,male,19.91505439418175,1,1,TKT0702,460.0740877622141,C702,S
0,1,Passenger 703,male,29.515993736817922,2,5,TKT0703,15.356867506223141,,C
0,1,Passenger 704,female,79.42688796600672,3,5,TKT0704,199.46248556734238,C704,Q
0,2,Passenger 705,male,32.3011019598799,5,1,TKT0705,402.4953077731694,,Q
1,2,Passenger 706,male,70.32473907288352,0,2,TKT0706,291.462800817127,,S
1,2,Passenger 707,male,10.597567470172468,1,3,TKT0707,285.18589148975485,C707,C
1,3,Passenger 708,male,23.97850839002311,3,1,TKT0708,456.1163086591696,,S
0,3,Passenger 709,female,76.87950910277847,4,0,TKT0709,33.55880723638269,,C
0,2,Passenger 710,female,66.59682142997917,3,5,TKT0710,108.12680623413351,C710,S
0,1,Passenger 711,male,53.01895169437339,5,0,TKT0711,114.84813125455857,,S
1,2,Passenger 712,male,8.248339492326483,1,0,TKT0712,385.83981254187,C712,Q
0,3,Passenger 713,female,52.14196862089004,3,2,TKT0713,244.83798230877977,,S
0,2,Passenger 714,female,13.496223351131599,1,0,TKT0714,25.461753827291886,C714,C
0,2,Passenger 715,male,18.47758569017197,0,2,TKT0715,440.50005626817443,C715,S
1,3,Passenger 716,female,59.966087035872874,1,4,TKT0716,178.63165841867763,C716,S
0,2,Passenger 717,male,71.58001729209025,1,3,TKT0717,129.1803604438152,C717,S
1,3,Passenger 718,male,1.4130769655988222,2,4,TKT0718,315.7642423474979,,C
1,1,Passenger 719,female,4.84632934130026,5,0,TKT0719,294.3864158085809,,Q
1,1,Passenger 720,male,30.738019196947388,4,0,TKT0720,417.72960345984205,,S
0,1,Passenger 721,male,5.939033107178797,2,5,TKT0721,217.63874958759112,C721,Q
1,2,Passenger 722,male,22.27873337225033,0,2,TKT0722,251.56084539328378,C722,C
0,1,Passenger 723,female,33.68825794846475,0,1,TKT0723,105.4936064346548,C723,S
1,3,Passenger 724,male,63.977908182724434,4,5,TKT0724,268.75920830181707,C724,Q
0,1,Passenger 725,male,55.029620958815755,2,5,TKT0725,366.8230370740159,C725,C
0,3,Passenger 726,male,77.61545966526373,4,4,TKT0726,482.16882720700744,C726,Q
1,1,Passenger 727,female,28.283991565804214,5,2,TKT0727,139.11308234225032,,Q
0,2,Passenger 728,female,33.0927198025806,1,4,TKT0728,127.5772218853892,,Q
1,3,Passenger 729,male,52.84688206237456,5,2,TKT0729,253.26969866972664,C729,S
1,1,Passenger 730,female,5.4282732469964285,3,5,TKT0730,40.56281954880168,C730,S
0,3,Passenger 731,male,67.17855760795797,3,5,TKT0731,433.6861069247523,,S
0,1,Passenger 732,male,20.95968607770444,1,1,TKT0732,201.1725121943433,C732,C
1,1,Passenger 733,female,2.5336112271348608,2,1,TKT0733,108.98982752999295,,Q
1,2,Passenger 734,female,65.711261741245,1,4,TKT0734,85.29762808954112,,Q
0,1,Passenger 735,female,9.124185904252222,4,4,TKT0735,183.9498899425853,,C
1,1,Passenger 736,male,79.0353891134393,1,5,TKT0736,143.44143919795076,C736,C
0,1,Passenger 737,male,40.08114726981883,5,1,TKT0737,18.25178454622719,C737,Q
0,3,Passenger 738,female,37.49676686624874,1,3,TKT0738,76.76767669964435,C738,S
1,3,Passenger 739,male,76.04080250405852,1,4,TKT0739,256.6410139298998,,C
0,2,Passenger 740,female,50.47969164541735,2,5,TKT0740,25.79008160872754,C740,C
0,2,Passenger 741,male,3.707697575285708,5,1,TKT0741,418.78214967664513,,C
1,2,Passenger 742,female,54.525839180166024,4,4,TKT0742,209.0205945117317,C742,S
0,2,Passenger 743,female,57.0899631277224,3,3,TKT0743,335.66263431512886,,S
0,3,Passenger 744,male,48.64627524705453,5,3,TKT0744,404.0086802808673,C744,S
1,1,Passenger 745,male,18.09396972883503,2,4,TKT0745,235.17680567870855,C745,C
0,1,Passenger 746,female,61.08363738280058,4,1,TKT0746,353.40668786828917,C746,S
0,1,Passenger 747,male,20.488154516238584,4,0,TKT0747,11.653276263628124,C747,Q
1,2,Passenger 748,male,11.539928456520267,3,0,TKT0748,231.06035192366363,C748,S
1,2,Passenger 749,male,51.770716202573524,4,1,TKT0749,8.765038435506014,C749,S
0,2,Passenger 750,male,32.97408353816812,0,2,TKT0750,270.83809080399806,,S
1,1,Passenger 751,female,51.186615923593536,2,3,TKT0751,272.0338153348683,C751,Q
1,3,Passenger 752,male,39.158750159828514,1,3,TKT0752,373.3059342791838,C752,Q
1,2,Passenger 753,female,21.26957006057257,5,5,TKT0753,178.13725842603952,C753,Q
1,2,Passenger 754,female,16.251637940327313,2,5,TKT0754,119.18446044461265,C754,Q
1,2,Passenger 755,female,69.64357206139,3,1,TKT0755,484.77319123997785,,C
1,2,Passenger 756,male,64.6003314291168,1,0,TKT0756,155.65104871565805,,Q
1,3,Passenger 757,male,47.715930645128076,1,0,TKT0757,499.3893259909787,C757,Q
1,1,Passenger 758,male,38.61620295118126,2,4,TKT0758,354.00677606179795,,S
0,3,Passenger 759,female,20.327834974954197,0,5,TKT0759,432.30064833318386,C759,Q
1,1,Passenger 760,male,25.325109835543667,0,3,TKT0760,68.528004030773,C760,S
0,2,Passenger 761,male,19.700266188144784,0,3,TKT0761,103.38942536221717,C761,Q
0,1,Passenger 762,male,27.43846801195248,0,0,TKT0762,54.74037270974723,C762,Q
1,3,Passenger 763,female,4.103130829333489,1,5,TKT0763,186.20288174704686,,Q
1,2,Passenger 764,female,54.562334276154914,3,1,TKT0764,114.38292759106862,C764,C
0,2,Passenger 765,male,67.2755654981006,1,3,TKT0765,360.22108661754464,,Q
1,1,Passenger 766,female,62.24851612566797,5,5,TKT0766,424.619433097707,C766,Q
0,1,Passenger 767,female,29.8680511895903,0,4,TKT0767,441.5722894344304,C767,Q
1,3,Passenger 768,female,44.15900339760565,2,1,TKT0768,238.84720522257314,C768,Q
0,1,Passenger 769,male,53.968625028472985,1,2,TKT0769,452.4233733985522,C769,S
1,3,Passenger 770,female,4.798841967348432,1,4,TKT0770,268.65565544164014,C770,S
1,3,Passenger 771,female,17.383307072936585,1,5,TKT0771,162.4380013059004,C771,C
1,2,Passenger 772,female,35.422354773854345,2,4,TKT0772,13.912573260823763,,C
0,2,Passenger 773,female,57.61332019305164,0,3,TKT0773,116.0076294619057,C773,Q
1,3,Passenger 774,male,2.470035425573657,5,0,TKT0774,468.5930849046764,C774,C
0,3,Passenger 775,male,19.971260080529014,2,0,TKT0775,406.44718409800475,,C
0,1,Passenger 776,female,36.484283172778504,2,2,TKT0776,92.0079514270091,,C
0,2,Passenger 777,female,31.196325344736238,3,4,TKT0777,187.09594162281988,C777,Q
1,3,Passenger 778,female,5.724522379615012,1,0,TKT0778,232.24017443425748,C778,S
0,1,Passenger 779,male,5.755213218088419,2,1,TKT0779,326.6533962071426,C779,Q
0,2,Passenger 780,female,16.544931118704206,1,3,TKT0780,216.5324393828796,C780,S
1,3,Passenger 781,female,35.72996282644379,4,0,TKT0781,118.85996874520754,,S
1,1,Passenger 782,female,15.667777665103849,1,3,TKT0782,223.98872001234707,C782,C
1,1,Passenger 783,female,15.664367802198099,4,0,TKT0783,330.55294313569675,,Q
1,3,Passenger 784,male,56.372731473775275,5,5,TKT0784,219.98719352923294,C784,Q
1,2,Passenger 785,female,66.49346756493867,0,1,TKT0785,174.71844161037282,C785,Q
1,2,Passenger 786,male,24.975283932556074,3,3,TKT0786,227.77534155000401,C786,C
0,3,Passenger 787,male,62.99351246753429,3,4,TKT0787,271.28987751513216,C787,S
0,3,Passenger 788,male,9.435886944984409,2,2,TKT0788,187.19816770223323,C788,S
1,2,Passenger 789,male,64.77530477985684,1,2,TKT0789,258.1796680321943,C789,C
0,2,Passenger 790,female,47.22735514892391,3,3,TKT0790,28.685749629056435,C790,Q
0,2,Passenger 791,female,31.515113530413952,1,0,TKT0791,418.0565521204043,C791,C
1,3,Passenger 792,female,57.682726983215716,1,5,TKT0792,15.219340184332545,C792,S
0,1,Passenger 793,male,38.887424783917325,2,0,TKT0793,196.7550171054249,,S
0,1,Passenger 794,male,28.33248428548218,3,0,TKT0794,244.97238605820695,C794,S
1,2,Passenger 795,male,18.18986282708807,1,5,TKT0795,490.6706723782756,C795,S
1,1,Passenger 796,male,60.0263209853631,0,2,TKT0796,294.3283340576596,C796,S
0,2,Passenger 797,female,52.33567550411875,2,1,TKT0797,289.6367196235154,C797,C
1,1,Passenger 798,male,28.890811966334812,4,1,TKT0798,235.4874012812651,C798,C
1,3,Passenger 799,female,77.338772241052,1,3,TKT0799,84.68095828958303,,C
0,3,Passenger 800,female,1.6698544397606636,4,5,TKT0800,148.40226530624636,C800,Q
1,2,Passenger 801,female,26.602540157488193,3,2,TKT0801,415.53774925198405,,C
0,1,Passenger 802,female,59.3871892021714,1,5,TKT0802,154.74159936450158,C802,S
0,3,Passenger 803,female,65.18529273581191,0,0,TKT0803,416.90603481878964,C803,Q
0,2,Passenger 804,female,9.5281073549043,3,5,TKT0804,40.7755389533895,C804,C
0,3,Passenger 805,male,1.9119047943465712,2,1,TKT0805,97.09375361472485,C805,C
0,3,Passenger 806,female,42.68326864229337,1,5,TKT0806,263.6060974842926,C806,S
0,3,Passenger 807,male,50.43833900148242,5,1,TKT0807,47.44860462510836,C807,Q
0,1,Passenger 808,female,55.391297731906796,5,1,TKT0808,374.45693675946876,C808,Q
1,2,Passenger 809,male,26.078600961369457,5,5,TKT0809,47.30264540041916,C809,Q
1,3,Passenger 810,male,14.641843902595637,5,5,TKT0810,451.0889281383371,C810,C
1,3,Passenger 811,female,41.03969168352545,3,4,TKT0811,364.8985186607671,,Q
0,2,Passenger 812,female,4.203434734491937,3,0,TKT0812,406.55814617548606,C812,S
1,1,Passenger 813,male,59.51983880181134,4,2,TKT0813,181.32290970527083,C813,C
0,1,Passenger 814,male,24.347543506398925,2,0,TKT0814,428.5158732905446,,C
0,2,Passenger 815,male,12.120777619171891,0,2,TKT0815,255.3309475580006,,C
0,3,Passenger 816,male,63.49162602296724,0,0,TKT0816,292.0717932484563,C816,Q
1,2,Passenger 817,male,10.729391718855478,2,2,TKT0817,242.84882945071456,,C
0,3,Passenger 818,female,71.43867398519106,0,3,TKT0818,126.23035686138195,C818,Q
1,1,Passenger 819,female,79.81996939858736,3,4,TKT0819,54.94845005486965,,C
0,2,Passenger 820,male,38.07667178035296,4,4,TKT0820,307.29118290035785,C820,C
1,3,Passenger 821,female,6.766445416219564,5,1,TKT0821,98.22511375650112,C821,S
0,2,Passenger 822,female,54.28144281154877,5,2,TKT0822,407.1738021047492,,S
1,2,Passenger 823,female,47.24830822834105,1,1,TKT0823,215.0361404322611,C823,S
0,3,Passenger 824,female,43.443891886140854,3,0,TKT0824,484.67612258420905,C824,S
1,1,Passenger 825,female,34.459457688434526,3,1,TKT0825,171.4463588898798,C825,C
0,1,Passenger 826,female,67.55036279972109,5,3,TKT0826,349.9316024746229,,Q
1,1,Passenger 827,female,37.00793955857414,4,0,TKT0827,8.18930157695668,C827,C
1,1,Passenger 828,male,8.763073949068723,0,2,TKT0828,344.3316178154848,,Q
0,2,Passenger 829,male,16.884522507878057,5,5,TKT0829,100.02134578516059,,C
0,1,Passenger 830,male,51.39845783768587,2,4,TKT0830,450.2150331894646,,S
1,2,Passenger 831,female,57.4286946326259,3,1,TKT0831,384.1883519953743,,Q
1,3,Passenger 832,female,7.0675342649015755,5,0,TKT0832,281.27374723843786,C832,C
1,2,Passenger 833,female,42.733387629992635,3,4,TKT0833,419.0644299885776,C833,C
1,1,Passenger 834,male,45.25103391450993,0,2,TKT0834,478.24426684276096,,Q
1,1,Passenger 835,male,4.299174329478374,0,0,TKT0835,320.2820092928277,C835,C
1,1,Passenger 836,female,57.70864474381229,2,1,TKT0836,384.38738523699845,,Q
1,3,Passenger 837,female,12.241651172612254,3,5,TKT0837,175.7193944595263,,Q
0,2,Passenger 838,male,65.25395827377574,1,1,TKT0838,86.08377085621737,C838,Q
1,3,Passenger 839,male,64.50902753285695,0,0,TKT0839,337.5001568537204,C839,C
1,1,Passenger 840,male,72.59114762059484,3,3,TKT0840,195.66703616397325,C840,S
0,3,Passenger 841,male,25.66553939552551,5,4,TKT0841,271.81084860366917,C841,Q
0,2,Passenger 842,male,49.187844484795015,2,2,TKT0842,375.2026630425481,C842,S
1,2,Passenger 843,male,44.16551030184094,2,4,TKT0843,375.83451559738285,C843,S
1,1,Passenger 844,female,23.174833509502733,5,2,TKT0844,357.4264146922054,,C
0,1,Passenger 845,female,3.8947892950750087,3,0,TKT0845,398.1219464118894,C845,Q
1,1,Passenger 846,female,28.876447172521797,0,3,TKT0846,192.74557732026545,,S
1,2,Passenger 847,female,16.49148366422464,5,0,TKT0847,371.0326239126441,C847,C
1,3,Passenger 848,female,76.9639815275605,3,1,TKT0848,357.2719478349207,C848,C
1,2,Passenger 849,female,9.432557123040466,1,4,TKT0849,298.5926237759277,C849,S
0,2,Passenger 850,female,30.616384648102706,5,2,TKT0850,157.9412672991429,,Q
0,2,Passenger 851,female,6.12065860688277,3,3,TKT0851,212.22353249698563,C851,C
0,2,Passenger 852,female,59.27407991676605,4,5,TKT0852,472.6253458125884,,S
1,1,Passenger 853,female,39.520331609988226,5,5,TKT0853,158.49594642951763,C853,C
0,3,Passenger 854,male,58.710876793502564,1,2,TKT0854,19.049190956426067,C854,S
0,1,Passenger 855,female,65.80344582863235,0,4,TKT0855,319.70146490032135,,C
1,1,Passenger 856,female,21.596637977459054,2,5,TKT0856,268.0830324716161,C856,S
1,2,Passenger 857,male,19.231948439608686,2,4,TKT0857,408.3982583693341,C857,C
1,1,Passenger 858,male,10.215157239558636,1,3,TKT0858,289.69671492319253,C858,C
1,2,Passenger 859,male,36.57278734291544,2,1,TKT0859,215.0665457130832,,C
1,3,Passenger 860,male,10.365048233316696,4,2,TKT0860,95.49208548764219,,C
0,1,Passenger 861,male,56.45522875742479,2,3,TKT0861,12.158715126542795,C861,S
0,1,Passenger 862,female,22.99780512707627,5,4,TKT0862,58.17290640869388,C862,C
1,2,Passenger 863,male,40.00489164741609,0,2,TKT0863,495.21591310882906,C863,Q
1,3,Passenger 864,female,61.06701814516347,3,4,TKT0864,69.75670289512081,,C
1,2,Passenger 865,female,46.607880544784045,0,0,TKT0865,363.27382115357005,C865,S
0,2,Passenger 866,female,5.563561963146572,4,4,TKT0866,390.30189775215894,C866,Q
1,3,Passenger 867,female,17.317348098116653,1,1,TKT0867,250.61363623795907,C867,Q
1,2,Passenger 868,female,31.68456886473064,4,3,TKT0868,365.1811912907565,,S
1,3,Passenger 869,female,32.604645154081794,2,4,TKT0869,452.2110087847663,,S
1,2,Passenger 870,male,56.93110788347748,4,3,TKT0870,95.09456148055452,C870,S
0,2,Passenger 871,male,10.489822572030395,5,0,TKT0871,29.457152148534686,C871,S
0,1,Passenger 872,female,49.94904810829517,5,3,TKT0872,203.34029024892956,C872,Q
1,1,Passenger 873,female,55.983435205795374,1,4,TKT0873,133.5526203094962,C873,C
0,2,Passenger 874,female,69.80881018694697,5,5,TKT0874,286.961320812847,,Q
1,2,Passenger 875,male,37.63635779866812,5,2,TKT0875,368.5298707112771,C875,Q
1,1,Passenger 876,female,47.75425750192423,1,1,TKT0876,477.15795220534966,,C
1,2,Passenger 877,female,75.52960192191733,1,4,TKT0877,60.972515698428744,C877,S
1,2,Passenger 878,female,13.302560979387247,4,2,TKT0878,245.79895823658742,C878,S
1,1,Passenger 879,male,2.5250774897178854,3,2,TKT0879,308.29826981714706,,C
1,2,Passenger 880,male,9.536213832974045,0,3,TKT0880,340.1488491301954,,Q
0,3,Passenger 881,female,16.042653138511522,0,5,TKT0881,120.33751291213817,,C
0,2,Passenger 882,male,9.76658606715993,5,5,TKT0882,73.02937757875705,,Q
1,2,Passenger 883,male,60.3895064522607,0,3,TKT0883,126.34103344624982,C883,S
0,3,Passenger 884,female,21.273139455080223,1,3,TKT0884,307.19044607997665,C884,C
1,3,Passenger 885,female,62.62594567058097,4,2,TKT0885,292.76358485421514,C885,C
1,3,Passenger 886,female,42.51451170854238,0,1,TKT0886,279.2561845255959,C886,S
0,3,Passenger 887,male,59.83599023163492,0,3,TKT0887,18.84896713924202,C887,C
0,3,Passenger 888,female,62.99563768797123,1,3,TKT0888,116.52843829270503,C888,Q
1,1,Passenger 889,female,44.801789742039574,5,4,TKT0889,194.87140008051642,,C
1,1,Passenger 890,female,72.86013293151693,0,3,TKT0890,381.89011658917536,C890,C
